id,Start Time,End Time,Feed Type,Quantity (oz),Quantity (ml or g),Notes,Duration (Minutes),Food Type,Unit,Bottle Type
2,9:45PM 03-19-2017,11:16PM 03-19-2017,Left,,,Mostly on left side. Breaks within that time.,91,Breast Milk,,
3,1:15AM 03-20-2017,1:18AM 03-20-2017,Right,,,Fell asleep again...,4,Breast Milk,,
4,2:10AM 03-20-2017,2:39AM 03-20-2017,Right,,,,28,Breast Milk,,
6,5:48AM 03-20-2017,6:11AM 03-20-2017,Right,,,,23,Breast Milk,,
7,6:17AM 03-20-2017,7:35AM 03-20-2017,Left,,,Started  had a little nap on me  then finished. Good drinking  just a bit sleepy at the end.,77,Breast Milk,,
9,8:20AM 03-20-2017,8:28AM 03-20-2017,Right,,,About 10 total. Fell asleep again and wouldn't wake,8,Breast Milk,,
10,10:19AM 03-20-2017,10:45AM 03-20-2017,Left,,,,26,Breast Milk,,
12,1:40PM 03-20-2017,2:04PM 03-20-2017,Right,,,,23,Breast Milk,,
13,2:11PM 03-20-2017,2:17PM 03-20-2017,Left,,,,5,Breast Milk,,
14,5:42PM 03-20-2017,6:02PM 03-20-2017,Left,,,,20,Breast Milk,,
15,6:06PM 03-20-2017,6:21PM 03-20-2017,Right,,,,16,Breast Milk,,
16,7:39PM 03-20-2017,7:58PM 03-20-2017,Right,,,,19,Breast Milk,,
17,8:03PM 03-20-2017,8:18PM 03-20-2017,Left,,,,15,Breast Milk,,
18,9:15PM 03-20-2017,9:24PM 03-20-2017,Right,,,,9,Breast Milk,,
19,12:24AM 03-21-2017,1:02AM 03-21-2017,Right,,,First 16 minutes weren't a great latch - not much swallowing,38,Breast Milk,,
20,1:18AM 03-21-2017,1:27AM 03-21-2017,Left,,,,10,Breast Milk,,
22,3:28AM 03-21-2017,3:53AM 03-21-2017,Left,,,,24,Breast Milk,,
23,8:23AM 03-21-2017,9:07AM 03-21-2017,Right,,,,44,Breast Milk,,
24,9:11AM 03-21-2017,9:34AM 03-21-2017,Left,,,,23,Breast Milk,,
25,11:44AM 03-21-2017,12:14PM 03-21-2017,Right,,,,31,Breast Milk,,
26,2:15PM 03-21-2017,2:21PM 03-21-2017,Left,,,,6,Breast Milk,,
27,3:11PM 03-21-2017,3:31PM 03-21-2017,Left,,,,20,Breast Milk,,
28,4:32PM 03-21-2017,5:10PM 03-21-2017,Right,,,,38,Breast Milk,,
29,5:28PM 03-21-2017,5:35PM 03-21-2017,Left,,,,7,Breast Milk,,
30,7:05PM 03-21-2017,7:28PM 03-21-2017,Left,,,,23,Breast Milk,,
31,7:34PM 03-21-2017,7:54PM 03-21-2017,Right,,,,21,Breast Milk,,
32,9:27PM 03-21-2017,10:10PM 03-21-2017,Left,,,,43,Breast Milk,,
33,10:21PM 03-21-2017,10:34PM 03-21-2017,Right,,,,13,Breast Milk,,
34,2:46AM 03-22-2017,3:14AM 03-22-2017,Right,,,,27,Breast Milk,,
35,3:17AM 03-22-2017,3:46AM 03-22-2017,Left,,,,29,Breast Milk,,
36,4:17AM 03-22-2017,4:28AM 03-22-2017,Right,,,,11,Breast Milk,,
37,7:13AM 03-22-2017,7:58AM 03-22-2017,Right,,,,46,Breast Milk,,
38,8:00AM 03-22-2017,8:07AM 03-22-2017,Left,,,,7,Breast Milk,,
39,8:25AM 03-22-2017,8:31AM 03-22-2017,Left,,,,6,Breast Milk,,
40,10:09AM 03-22-2017,10:32AM 03-22-2017,Left,,,,23,Breast Milk,,
41,12:27PM 03-22-2017,1:03PM 03-22-2017,Right,,,,37,Breast Milk,,
42,2:35PM 03-22-2017,3:15PM 03-22-2017,Left,,,,41,Breast Milk,,
43,3:29PM 03-22-2017,3:36PM 03-22-2017,Right,,,,7,Breast Milk,,
44,5:44PM 03-22-2017,6:08PM 03-22-2017,Right,,,,24,Breast Milk,,
45,6:12PM 03-22-2017,6:44PM 03-22-2017,Left,,,,32,Breast Milk,,
46,7:34PM 03-22-2017,7:55PM 03-22-2017,Right,,,,22,Breast Milk,,
47,8:03PM 03-22-2017,8:29PM 03-22-2017,Left,,,,26,Breast Milk,,
48,9:38PM 03-22-2017,10:25PM 03-22-2017,Right,,,,47,Breast Milk,,
49,10:34PM 03-22-2017,10:46PM 03-22-2017,Left,,,,12,Breast Milk,,
50,2:33AM 03-23-2017,3:11AM 03-23-2017,Left,,,,38,Breast Milk,,
51,3:27AM 03-23-2017,3:43AM 03-23-2017,Right,,,,17,Breast Milk,,
52,3:57AM 03-23-2017,4:05AM 03-23-2017,Right,,,,8,Breast Milk,,
53,6:43AM 03-23-2017,7:06AM 03-23-2017,Left,,,,23,Breast Milk,,
54,7:16AM 03-23-2017,7:33AM 03-23-2017,Right,,,,18,Breast Milk,,
55,7:58AM 03-23-2017,8:19AM 03-23-2017,Right,,,,21,Breast Milk,,
56,10:01AM 03-23-2017,10:29AM 03-23-2017,Right,,,,27,Breast Milk,,
57,10:40AM 03-23-2017,10:56AM 03-23-2017,Left,,,,16,Breast Milk,,
58,12:49PM 03-23-2017,1:12PM 03-23-2017,Left,,,,23,Breast Milk,,
59,1:17PM 03-23-2017,1:37PM 03-23-2017,Right,,,,20,Breast Milk,,
60,3:29PM 03-23-2017,3:53PM 03-23-2017,Left,,,,24,Breast Milk,,
61,4:07PM 03-23-2017,4:20PM 03-23-2017,Right,,,,13,Breast Milk,,
62,6:48PM 03-23-2017,7:17PM 03-23-2017,Left,,,,30,Breast Milk,,
63,7:27PM 03-23-2017,7:49PM 03-23-2017,Right,,,,22,Breast Milk,,
64,9:08PM 03-23-2017,9:37PM 03-23-2017,Right,,,,29,Breast Milk,,
66,10:02PM 03-23-2017,10:36PM 03-23-2017,Left,,,,34,Breast Milk,,
67,12:47AM 03-24-2017,1:23AM 03-24-2017,Right,,,,37,Breast Milk,,
68,1:32AM 03-24-2017,1:48AM 03-24-2017,Left,,,,16,Breast Milk,,
69,2:27AM 03-24-2017,3:01AM 03-24-2017,Left,,,,34,Breast Milk,,
70,5:34AM 03-24-2017,6:04AM 03-24-2017,Right,,,,31,Breast Milk,,
71,6:12AM 03-24-2017,6:23AM 03-24-2017,Left,,,,12,Breast Milk,,
72,8:13AM 03-24-2017,8:32AM 03-24-2017,Right,,,,18,Breast Milk,,
73,9:30AM 03-24-2017,9:45AM 03-24-2017,Right,,,At photographer,15,Breast Milk,,
74,11:37AM 03-24-2017,11:57AM 03-24-2017,Left,,,,21,Breast Milk,,
75,2:06PM 03-24-2017,2:28PM 03-24-2017,Right,,,,22,Breast Milk,,
76,2:39PM 03-24-2017,2:49PM 03-24-2017,Left,,,,10,Breast Milk,,
77,3:55PM 03-24-2017,4:05PM 03-24-2017,Left,,,,10,Breast Milk,,
78,4:13PM 03-24-2017,4:45PM 03-24-2017,Right,,,,31,Breast Milk,,
79,5:51PM 03-24-2017,6:31PM 03-24-2017,Left,,,,40,Breast Milk,,
80,6:35PM 03-24-2017,7:01PM 03-24-2017,Right,,,,26,Breast Milk,,
81,8:05PM 03-24-2017,8:39PM 03-24-2017,Right,,,,35,Breast Milk,,
82,9:05PM 03-24-2017,10:13PM 03-24-2017,Left,,,,67,Breast Milk,,
83,1:01AM 03-25-2017,1:44AM 03-25-2017,Right,,,,43,Breast Milk,,
84,1:56AM 03-25-2017,2:28AM 03-25-2017,Left,,,,32,Breast Milk,,
85,7:28AM 03-25-2017,7:58AM 03-25-2017,Right,,,,30,Breast Milk,,
86,8:08AM 03-25-2017,8:26AM 03-25-2017,Left,,,,18,Breast Milk,,
87,8:46AM 03-25-2017,9:04AM 03-25-2017,Left,,,,18,Breast Milk,,
88,10:45AM 03-25-2017,11:05AM 03-25-2017,Bottle,2.0,59.15,,20,Liquid,IMPERIAL,Pump
89,12:29PM 03-25-2017,1:01PM 03-25-2017,Right,,,,33,Breast Milk,,
90,1:13PM 03-25-2017,1:39PM 03-25-2017,Left,,,,26,Breast Milk,,
91,2:46PM 03-25-2017,3:35PM 03-25-2017,Left,,,,49,Breast Milk,,
92,4:43PM 03-25-2017,5:25PM 03-25-2017,Right,,,,42,Breast Milk,,
93,5:32PM 03-25-2017,5:46PM 03-25-2017,Left,,,,14,Breast Milk,,
95,7:20PM 03-25-2017,7:30PM 03-25-2017,Bottle,1.0,29.57,,10,Liquid,IMPERIAL,Pump
94,7:48PM 03-25-2017,8:22PM 03-25-2017,Right,,,,34,Breast Milk,,
96,11:56PM 03-25-2017,12:28AM 03-26-2017,Left,,,,32,Breast Milk,,
97,12:40AM 03-26-2017,1:15AM 03-26-2017,Right,,,Lots of sleepy stops,35,Breast Milk,,
98,2:46AM 03-26-2017,2:54AM 03-26-2017,Left,,,,7,Breast Milk,,
99,3:12AM 03-26-2017,3:46AM 03-26-2017,Left,,,Another sleepy feed,33,Breast Milk,,
100,6:34AM 03-26-2017,7:00AM 03-26-2017,Right,,,,26,Breast Milk,,
101,7:07AM 03-26-2017,7:16AM 03-26-2017,Left,,,Fell asleep at end,9,Breast Milk,,
102,9:55AM 03-26-2017,10:43AM 03-26-2017,Left,,,,48,Breast Milk,,
103,11:02AM 03-26-2017,11:40AM 03-26-2017,Right,,,,38,Breast Milk,,
104,1:25PM 03-26-2017,1:34PM 03-26-2017,Bottle,1.5,44.36,,9,Liquid,IMPERIAL,Pump
105,3:22PM 03-26-2017,3:52PM 03-26-2017,Left,,,,30,Breast Milk,,
106,4:02PM 03-26-2017,4:12PM 03-26-2017,Right,,,,10,Breast Milk,,
107,5:53PM 03-26-2017,6:20PM 03-26-2017,Right,,,,27,Breast Milk,,
108,6:29PM 03-26-2017,6:45PM 03-26-2017,Left,,,,16,Breast Milk,,
109,7:55PM 03-26-2017,8:38PM 03-26-2017,Right,,,,43,Breast Milk,,
111,8:51PM 03-26-2017,9:08PM 03-26-2017,Left,,,,17,Breast Milk,,
110,11:09PM 03-26-2017,11:21PM 03-26-2017,Bottle,2.54,75.0,,13,Liquid,METRIC,
112,12:43AM 03-27-2017,1:17AM 03-27-2017,Right,,,Sleepy. Mid break to wake up,35,Breast Milk,,
113,1:35AM 03-27-2017,1:48AM 03-27-2017,Left,,,,13,Breast Milk,,
114,2:09AM 03-27-2017,2:19AM 03-27-2017,Left,,,,10,Breast Milk,,
115,3:24AM 03-27-2017,3:46AM 03-27-2017,Right,,,,22,Breast Milk,,
116,4:05AM 03-27-2017,4:17AM 03-27-2017,Left,,,,12,Breast Milk,,
117,7:36AM 03-27-2017,8:05AM 03-27-2017,Right,,,,30,Breast Milk,,
118,8:23AM 03-27-2017,8:33AM 03-27-2017,Left,,,,10,Breast Milk,,
119,8:40AM 03-27-2017,8:42AM 03-27-2017,Left,,,,2,Breast Milk,,
120,10:28AM 03-27-2017,10:37AM 03-27-2017,Left,,,,10,Breast Milk,,
121,10:39AM 03-27-2017,10:50AM 03-27-2017,Left,,,,11,Breast Milk,,
122,11:01AM 03-27-2017,11:10AM 03-27-2017,Right,,,,8,Breast Milk,,
123,1:53PM 03-27-2017,2:23PM 03-27-2017,Right,,,,31,Breast Milk,,
124,2:38PM 03-27-2017,2:42PM 03-27-2017,Left,,,Stopped for spit up. Hick up after that,5,Breast Milk,,
125,5:08PM 03-27-2017,5:43PM 03-27-2017,Left,,,Big break trying to wake him,34,Breast Milk,,
126,6:01PM 03-27-2017,6:29PM 03-27-2017,Right,,,,28,Breast Milk,,
127,8:22PM 03-27-2017,8:27PM 03-27-2017,Left,,,Konked out...,5,Breast Milk,,
128,9:00PM 03-27-2017,9:35PM 03-27-2017,Left,,,,35,Breast Milk,,
129,9:38PM 03-27-2017,9:48PM 03-27-2017,Right,,,,10,Breast Milk,,
130,12:38AM 03-28-2017,1:01AM 03-28-2017,Bottle,3.38,100.0,,23,Liquid,METRIC,Pump
131,5:36AM 03-28-2017,5:58AM 03-28-2017,Right,,,,21,Breast Milk,,
132,6:14AM 03-28-2017,6:32AM 03-28-2017,Left,,,,18,Breast Milk,,
133,9:11AM 03-28-2017,10:09AM 03-28-2017,Left,,,,59,Breast Milk,,
134,11:16AM 03-28-2017,11:26AM 03-28-2017,Right,,,,11,Breast Milk,,
135,11:32AM 03-28-2017,11:37AM 03-28-2017,Right,,,Too sleepy,4,Breast Milk,,
136,1:29PM 03-28-2017,1:34PM 03-28-2017,Right,,,,5,Breast Milk,,
137,1:49PM 03-28-2017,1:58PM 03-28-2017,Bottle,2.0,59.15,,9,Liquid,IMPERIAL,Pump
138,2:00PM 03-28-2017,2:08PM 03-28-2017,Left,,,,8,Breast Milk,,
139,5:05PM 03-28-2017,5:24PM 03-28-2017,Left,,,Breast empty?,18,Breast Milk,,
140,5:30PM 03-28-2017,5:36PM 03-28-2017,Bottle,0.5,14.79,Didn't finish the ounce,6,Liquid,IMPERIAL,Pump
141,5:53PM 03-28-2017,6:02PM 03-28-2017,Bottle,0.5,14.79,,9,Liquid,IMPERIAL,Pump
142,8:35PM 03-28-2017,9:07PM 03-28-2017,Left,,,,32,Breast Milk,,
144,9:10PM 03-28-2017,9:17PM 03-28-2017,Bottle,1.0,29.57,Right side milk,7,Liquid,IMPERIAL,Pump
143,9:18PM 03-28-2017,9:31PM 03-28-2017,Left,,,,13,Breast Milk,,
145,11:10PM 03-28-2017,11:27PM 03-28-2017,Bottle,3.38,100.0,,16,Liquid,METRIC,Pump
146,12:48AM 03-29-2017,1:01AM 03-29-2017,Left,,,,13,Breast Milk,,
147,1:37AM 03-29-2017,1:56AM 03-29-2017,Left,,,,19,Breast Milk,,
148,1:59AM 03-29-2017,2:06AM 03-29-2017,Right,,,,7,Breast Milk,,
151,2:30AM 03-29-2017,2:40AM 03-29-2017,Bottle,0.5,14.79,,10,Liquid,IMPERIAL,Pump
149,5:52AM 03-29-2017,6:15AM 03-29-2017,Right,,,,22,Breast Milk,,
150,6:26AM 03-29-2017,6:45AM 03-29-2017,Left,,,,19,Breast Milk,,
152,9:22AM 03-29-2017,9:43AM 03-29-2017,Right,,,,22,Breast Milk,,
153,10:06AM 03-29-2017,10:21AM 03-29-2017,Left,,,,14,Breast Milk,,
154,12:43PM 03-29-2017,12:56PM 03-29-2017,Left,,,,13,Breast Milk,,
155,1:10PM 03-29-2017,1:21PM 03-29-2017,Right,,,,11,Breast Milk,,
156,3:10PM 03-29-2017,3:20PM 03-29-2017,Left,,,,10,Breast Milk,,
157,3:35PM 03-29-2017,3:48PM 03-29-2017,Left,,,,13,Breast Milk,,
158,4:03PM 03-29-2017,4:26PM 03-29-2017,Right,,,,23,Breast Milk,,
159,6:37PM 03-29-2017,7:10PM 03-29-2017,Right,,,,33,Breast Milk,,
160,7:23PM 03-29-2017,7:45PM 03-29-2017,Left,,,,22,Breast Milk,,
161,8:55PM 03-29-2017,9:10PM 03-29-2017,Bottle,3.38,100.0,,15,Liquid,METRIC,Pump
162,11:08PM 03-29-2017,11:36PM 03-29-2017,Right,,,,27,Breast Milk,,
163,11:47PM 03-29-2017,11:54PM 03-29-2017,Left,,,,6,Breast Milk,,
164,12:08AM 03-30-2017,12:09AM 03-30-2017,Left,,,,1,Breast Milk,,
165,3:27AM 03-30-2017,3:52AM 03-30-2017,Left,,,,25,Breast Milk,,
166,4:06AM 03-30-2017,4:24AM 03-30-2017,Right,,,,18,Breast Milk,,
167,5:54AM 03-30-2017,6:21AM 03-30-2017,Right,,,,27,Breast Milk,,
168,6:28AM 03-30-2017,6:40AM 03-30-2017,Left,,,,12,Breast Milk,,
169,9:13AM 03-30-2017,9:33AM 03-30-2017,Left,,,,21,Breast Milk,,
170,9:39AM 03-30-2017,9:53AM 03-30-2017,Right,,,,14,Breast Milk,,
171,12:18PM 03-30-2017,12:56PM 03-30-2017,Left,,,,38,Breast Milk,,
172,1:08PM 03-30-2017,1:13PM 03-30-2017,Bottle,1.5,44.36,,5,Liquid,IMPERIAL,Pump
173,3:04PM 03-30-2017,3:26PM 03-30-2017,Right,,,,22,Breast Milk,,
174,3:31PM 03-30-2017,3:56PM 03-30-2017,Left,,,,25,Breast Milk,,
175,5:59PM 03-30-2017,6:25PM 03-30-2017,Left,,,,26,Breast Milk,,
176,6:37PM 03-30-2017,6:58PM 03-30-2017,Right,,,,20,Breast Milk,,
177,8:23PM 03-30-2017,8:56PM 03-30-2017,Right,,,,33,Breast Milk,,
178,8:59PM 03-30-2017,9:10PM 03-30-2017,Left,,,,10,Breast Milk,,
179,10:31PM 03-30-2017,10:41PM 03-30-2017,Bottle,1.69,50.0,,10,Liquid,METRIC,Pump
180,11:19PM 03-30-2017,11:29PM 03-30-2017,Bottle,1.69,50.0,,10,Liquid,METRIC,Pump
181,12:04AM 03-31-2017,12:17AM 03-31-2017,Left,,,,14,Breast Milk,,
182,3:13AM 03-31-2017,3:22AM 03-31-2017,Right,,,,9,Breast Milk,,
183,3:34AM 03-31-2017,3:54AM 03-31-2017,Right,,,,20,Breast Milk,,
184,6:42AM 03-31-2017,7:08AM 03-31-2017,Left,,,Spit up in middle,26,Breast Milk,,
185,10:11AM 03-31-2017,10:40AM 03-31-2017,Right,,,,29,Breast Milk,,
186,10:47AM 03-31-2017,10:59AM 03-31-2017,Left,,,,12,Breast Milk,,
187,1:27PM 03-31-2017,1:44PM 03-31-2017,Left,,,Sleepy,17,Breast Milk,,
188,2:15PM 03-31-2017,2:25PM 03-31-2017,Bottle,2.0,59.15,Estimating on time.,10,Liquid,IMPERIAL,Pump
189,3:13PM 03-31-2017,3:44PM 03-31-2017,Left,,,Sleep break in middle,31,Breast Milk,,
190,4:01PM 03-31-2017,4:08PM 03-31-2017,Right,,,,7,Breast Milk,,
191,6:34PM 03-31-2017,6:45PM 03-31-2017,Right,,,,11,Breast Milk,,
192,6:53PM 03-31-2017,7:01PM 03-31-2017,Right,,,So sleepy!,9,Breast Milk,,
193,7:06PM 03-31-2017,7:13PM 03-31-2017,Right,,,,7,Breast Milk,,
194,7:43PM 03-31-2017,8:02PM 03-31-2017,Left,,,,19,Breast Milk,,
195,8:32PM 03-31-2017,9:02PM 03-31-2017,Left,,,,29,Breast Milk,,
196,9:14PM 03-31-2017,9:35PM 03-31-2017,Right,,,,21,Breast Milk,,
197,9:43PM 03-31-2017,9:49PM 03-31-2017,Right,,,,7,Breast Milk,,
198,10:36PM 03-31-2017,10:57PM 03-31-2017,Bottle,3.38,100.0,,22,Liquid,METRIC,Pump
199,3:37AM 04-01-2017,3:48AM 04-01-2017,Right,,,,11,Breast Milk,,
200,4:04AM 04-01-2017,4:36AM 04-01-2017,Left,,,,32,Breast Milk,,
201,7:19AM 04-01-2017,7:35AM 04-01-2017,Right,,,,16,Breast Milk,,
202,8:06AM 04-01-2017,8:14AM 04-01-2017,Left,,,Coughed and then wouldn't go back on. Sleepy again,8,Breast Milk,,
203,9:17AM 04-01-2017,9:28AM 04-01-2017,Left,,,,11,Breast Milk,,
204,11:26AM 04-01-2017,11:35AM 04-01-2017,Bottle,2.0,59.15,,9,Liquid,IMPERIAL,Pump
205,12:48PM 04-01-2017,1:05PM 04-01-2017,Bottle,2.0,59.15,,17,Liquid,IMPERIAL,Pump
206,2:00PM 04-01-2017,2:34PM 04-01-2017,Left,,,,34,Breast Milk,,
207,2:35PM 04-01-2017,2:45PM 04-01-2017,Bottle,0.85,25.0,,10,Liquid,METRIC,Pump
208,3:59PM 04-01-2017,4:02PM 04-01-2017,Left,,,,3,Breast Milk,,
209,4:31PM 04-01-2017,4:55PM 04-01-2017,Left,,,,25,Breast Milk,,
210,5:22PM 04-01-2017,5:36PM 04-01-2017,Right,,,,14,Breast Milk,,
211,6:47PM 04-01-2017,7:16PM 04-01-2017,Left,,,,28,Breast Milk,,
212,8:23PM 04-01-2017,8:30PM 04-01-2017,Right,,,,7,Breast Milk,,
213,8:53PM 04-01-2017,9:20PM 04-01-2017,Right,,,,27,Breast Milk,,
214,9:24PM 04-01-2017,9:33PM 04-01-2017,Left,,,,9,Breast Milk,,
215,10:05PM 04-01-2017,10:21PM 04-01-2017,Left,,,Switch sides - low flow at end? He seemed to get frustrated sucking hard,16,Breast Milk,,
216,10:21PM 04-01-2017,10:47PM 04-01-2017,Right,,,,25,Breast Milk,,
217,1:31AM 04-02-2017,1:45AM 04-02-2017,Left,,,,14,Breast Milk,,
218,1:57AM 04-02-2017,2:07AM 04-02-2017,Right,,,,10,Breast Milk,,
219,4:48AM 04-02-2017,5:08AM 04-02-2017,Right,,,,20,Breast Milk,,
220,5:25AM 04-02-2017,5:39AM 04-02-2017,Left,,,,15,Breast Milk,,
221,5:50AM 04-02-2017,6:01AM 04-02-2017,Left,,,,11,Breast Milk,,
222,7:57AM 04-02-2017,8:10AM 04-02-2017,Right,,,,13,Breast Milk,,
223,8:36AM 04-02-2017,8:49AM 04-02-2017,Left,,,,13,Breast Milk,,
224,11:49AM 04-02-2017,12:10PM 04-02-2017,Right,,,,21,Breast Milk,,
225,12:21PM 04-02-2017,12:37PM 04-02-2017,Left,,,,16,Breast Milk,,
226,1:35PM 04-02-2017,2:00PM 04-02-2017,Bottle,2.0,59.15,,25,Liquid,IMPERIAL,Pump
227,2:45PM 04-02-2017,3:10PM 04-02-2017,Left,,,Not a lot of eating- didn't have app on.,25,Breast Milk,,
228,4:38PM 04-02-2017,4:54PM 04-02-2017,Right,,,,16,Breast Milk,,
229,4:59PM 04-02-2017,5:10PM 04-02-2017,Left,,,,11,Breast Milk,,
230,7:44PM 04-02-2017,8:01PM 04-02-2017,Left,,,,17,Breast Milk,,
231,8:15PM 04-02-2017,8:28PM 04-02-2017,Right,,,,13,Breast Milk,,
232,9:51PM 04-02-2017,10:06PM 04-02-2017,Left,,,,14,Breast Milk,,
233,10:14PM 04-02-2017,10:34PM 04-02-2017,Right,,,,20,Breast Milk,,
234,10:42PM 04-02-2017,10:49PM 04-02-2017,Left,,,,7,Breast Milk,,
235,1:29AM 04-03-2017,1:49AM 04-03-2017,Right,,,,19,Breast Milk,,
236,2:04AM 04-03-2017,2:14AM 04-03-2017,Left,,,,10,Breast Milk,,
237,5:13AM 04-03-2017,5:31AM 04-03-2017,Left,,,,19,Breast Milk,,
238,5:45AM 04-03-2017,5:52AM 04-03-2017,Right,,,,7,Breast Milk,,
239,7:48AM 04-03-2017,8:05AM 04-03-2017,Right,,,,17,Breast Milk,,
240,8:22AM 04-03-2017,8:46AM 04-03-2017,Left,,,,24,Breast Milk,,
241,9:46AM 04-03-2017,10:17AM 04-03-2017,Right,,,,30,Breast Milk,,
242,10:21AM 04-03-2017,10:28AM 04-03-2017,Left,,,,7,Breast Milk,,
243,11:30AM 04-03-2017,11:38AM 04-03-2017,Left,,,,7,Breast Milk,,
244,12:16PM 04-03-2017,12:38PM 04-03-2017,Left,,,,22,Breast Milk,,
245,12:44PM 04-03-2017,12:47PM 04-03-2017,Right,,,,3,Breast Milk,,
246,12:53PM 04-03-2017,12:58PM 04-03-2017,Right,,,,5,Breast Milk,,
247,1:51PM 04-03-2017,2:06PM 04-03-2017,Right,,,,15,Breast Milk,,
248,2:09PM 04-03-2017,2:24PM 04-03-2017,Left,,,,15,Breast Milk,,
249,5:02PM 04-03-2017,5:22PM 04-03-2017,Right,,,,20,Breast Milk,,
250,5:37PM 04-03-2017,5:52PM 04-03-2017,Left,,,,15,Breast Milk,,
251,6:40PM 04-03-2017,6:46PM 04-03-2017,Right,,,,6,Breast Milk,,
252,6:59PM 04-03-2017,7:24PM 04-03-2017,Left,,,,26,Breast Milk,,
253,7:27PM 04-03-2017,7:42PM 04-03-2017,Right,,,,15,Breast Milk,,
254,9:10PM 04-03-2017,9:39PM 04-03-2017,Left,,,,29,Breast Milk,,
255,9:47PM 04-03-2017,10:03PM 04-03-2017,Right,,,,15,Breast Milk,,
256,11:02PM 04-03-2017,11:07PM 04-03-2017,Right,,,,5,Breast Milk,,
257,2:05AM 04-04-2017,2:18AM 04-04-2017,Left,,,,13,Breast Milk,,
258,2:32AM 04-04-2017,2:41AM 04-04-2017,Right,,,,8,Breast Milk,,
259,4:49AM 04-04-2017,5:07AM 04-04-2017,Right,,,,18,Breast Milk,,
260,5:21AM 04-04-2017,5:25AM 04-04-2017,Left,,,,4,Breast Milk,,
261,7:05AM 04-04-2017,7:11AM 04-04-2017,Left,,,,6,Breast Milk,,
262,7:28AM 04-04-2017,7:35AM 04-04-2017,Left,,,,7,Breast Milk,,
263,8:53AM 04-04-2017,9:00AM 04-04-2017,Right,,,,7,Breast Milk,,
264,9:17AM 04-04-2017,9:33AM 04-04-2017,Right,,,,16,Breast Milk,,
265,12:39PM 04-04-2017,12:51PM 04-04-2017,Right,,,,11,Breast Milk,,
266,1:03PM 04-04-2017,1:17PM 04-04-2017,Left,,,,14,Breast Milk,,
267,2:45PM 04-04-2017,3:03PM 04-04-2017,Right,,,,19,Breast Milk,,
268,3:07PM 04-04-2017,3:17PM 04-04-2017,Left,,,,10,Breast Milk,,
269,5:47PM 04-04-2017,6:11PM 04-04-2017,Left,,,,24,Breast Milk,,
270,6:54PM 04-04-2017,7:11PM 04-04-2017,Right,,,,17,Breast Milk,,
271,7:30PM 04-04-2017,7:47PM 04-04-2017,Left,,,,17,Breast Milk,,
272,9:15PM 04-04-2017,9:30PM 04-04-2017,Bottle,4.0,118.29,,15,Liquid,IMPERIAL,Pump
273,11:35PM 04-04-2017,11:54PM 04-04-2017,Left,,,,19,Breast Milk,,
274,12:09AM 04-05-2017,12:33AM 04-05-2017,Right,,,Diaper change after 5,23,Breast Milk,,
275,2:21AM 04-05-2017,2:29AM 04-05-2017,Right,,,,8,Breast Milk,,
276,2:50AM 04-05-2017,3:01AM 04-05-2017,Left,,,,10,Breast Milk,,
277,4:44AM 04-05-2017,4:55AM 04-05-2017,Right,,,,11,Breast Milk,,
278,5:13AM 04-05-2017,5:23AM 04-05-2017,Left,,,,10,Breast Milk,,
279,7:35AM 04-05-2017,7:43AM 04-05-2017,Right,,,,8,Breast Milk,,
280,8:01AM 04-05-2017,8:08AM 04-05-2017,Right,,,,8,Breast Milk,,
281,8:12AM 04-05-2017,8:15AM 04-05-2017,Left,,,,3,Breast Milk,,
282,8:18AM 04-05-2017,8:20AM 04-05-2017,Left,,,,2,Breast Milk,,
283,10:24AM 04-05-2017,10:38AM 04-05-2017,Left,,,,14,Breast Milk,,
284,10:53AM 04-05-2017,11:04AM 04-05-2017,Right,,,,12,Breast Milk,,
285,12:06PM 04-05-2017,12:20PM 04-05-2017,Right,,,,14,Breast Milk,,
286,12:29PM 04-05-2017,12:39PM 04-05-2017,Right,,,,10,Breast Milk,,
287,12:56PM 04-05-2017,1:03PM 04-05-2017,Left,,,,7,Breast Milk,,
288,1:45PM 04-05-2017,1:56PM 04-05-2017,Left,,,,10,Breast Milk,,
289,2:10PM 04-05-2017,2:23PM 04-05-2017,Right,,,,13,Breast Milk,,
290,3:54PM 04-05-2017,4:03PM 04-05-2017,Left,,,,9,Breast Milk,,
291,4:20PM 04-05-2017,4:28PM 04-05-2017,Right,,,,8,Breast Milk,,
292,6:10PM 04-05-2017,6:23PM 04-05-2017,Right,,,,13,Breast Milk,,
293,6:46PM 04-05-2017,7:03PM 04-05-2017,Left,,,,17,Breast Milk,,
294,8:31PM 04-05-2017,8:42PM 04-05-2017,Right,,,,11,Breast Milk,,
295,8:47PM 04-05-2017,8:49PM 04-05-2017,Left,,,,2,Breast Milk,,
296,9:00PM 04-05-2017,9:52PM 04-05-2017,Left,,,,51,Breast Milk,,
297,10:06PM 04-05-2017,10:25PM 04-05-2017,Right,,,Cut him off!,19,Breast Milk,,
298,2:47AM 04-06-2017,3:10AM 04-06-2017,Right,,,,23,Breast Milk,,
299,3:25AM 04-06-2017,3:26AM 04-06-2017,Left,,,,2,Breast Milk,,
300,3:53AM 04-06-2017,3:57AM 04-06-2017,Left,,,,3,Breast Milk,,
301,6:21AM 04-06-2017,6:41AM 04-06-2017,Left,,,,20,Breast Milk,,
302,6:57AM 04-06-2017,7:16AM 04-06-2017,Right,,,,20,Breast Milk,,
303,9:09AM 04-06-2017,9:25AM 04-06-2017,Left,,,,15,Breast Milk,,
304,9:38AM 04-06-2017,10:00AM 04-06-2017,Right,,,,21,Breast Milk,,
305,11:03AM 04-06-2017,11:21AM 04-06-2017,Left,,,,18,Breast Milk,,
306,11:25AM 04-06-2017,11:33AM 04-06-2017,Right,,,,8,Breast Milk,,
307,12:26PM 04-06-2017,12:46PM 04-06-2017,Right,,,,19,Breast Milk,,
308,12:55PM 04-06-2017,1:01PM 04-06-2017,Right,,,,6,Breast Milk,,
309,4:09PM 04-06-2017,4:21PM 04-06-2017,Right,,,,12,Breast Milk,,
310,4:34PM 04-06-2017,4:49PM 04-06-2017,Left,,,,15,Breast Milk,,
311,6:13PM 04-06-2017,6:32PM 04-06-2017,Right,,,,20,Breast Milk,,
312,6:42PM 04-06-2017,6:55PM 04-06-2017,Left,,,,13,Breast Milk,,
313,9:00PM 04-06-2017,9:15PM 04-06-2017,Bottle,3.0,88.72,Time estimates. Mom fed at shower,15,Liquid,IMPERIAL,Pump
316,10:30PM 04-06-2017,10:35PM 04-06-2017,Bottle,1.5,44.36,,5,Liquid,IMPERIAL,
314,10:36PM 04-06-2017,10:44PM 04-06-2017,Left,,,,8,Breast Milk,,
315,10:49PM 04-06-2017,11:05PM 04-06-2017,Right,,,,16,Breast Milk,,
317,11:18PM 04-06-2017,11:22PM 04-06-2017,Right,,,,4,Breast Milk,,
318,2:46AM 04-07-2017,2:59AM 04-07-2017,Right,,,,13,Breast Milk,,
319,3:12AM 04-07-2017,3:17AM 04-07-2017,Left,,,,5,Breast Milk,,
320,5:38AM 04-07-2017,5:53AM 04-07-2017,Left,,,,14,Breast Milk,,
321,6:07AM 04-07-2017,6:14AM 04-07-2017,Right,,,,6,Breast Milk,,
322,6:27AM 04-07-2017,6:30AM 04-07-2017,Right,,,,3,Breast Milk,,
323,7:28AM 04-07-2017,7:42AM 04-07-2017,Right,,,,15,Breast Milk,,
324,9:23AM 04-07-2017,9:27AM 04-07-2017,Right,,,,4,Breast Milk,,
325,9:42AM 04-07-2017,9:56AM 04-07-2017,Right,,,,13,Breast Milk,,
326,10:03AM 04-07-2017,10:06AM 04-07-2017,Left,,,,3,Breast Milk,,
327,11:37AM 04-07-2017,11:58AM 04-07-2017,Left,,,,21,Breast Milk,,
328,12:24PM 04-07-2017,12:32PM 04-07-2017,Left,,,,8,Breast Milk,,
329,12:39PM 04-07-2017,12:51PM 04-07-2017,Right,,,,13,Breast Milk,,
330,2:48PM 04-07-2017,3:05PM 04-07-2017,Left,,,,17,Breast Milk,,
331,3:27PM 04-07-2017,3:47PM 04-07-2017,Right,,,,19,Breast Milk,,
332,6:22PM 04-07-2017,6:39PM 04-07-2017,Left,,,,17,Breast Milk,,
333,6:58PM 04-07-2017,7:24PM 04-07-2017,Right,,,,26,Breast Milk,,
334,8:55PM 04-07-2017,9:14PM 04-07-2017,Left,,,,19,Breast Milk,,
335,9:26PM 04-07-2017,9:45PM 04-07-2017,Right,,,,19,Breast Milk,,
336,9:57PM 04-07-2017,10:16PM 04-07-2017,Right,,,,19,Breast Milk,,
337,11:07PM 04-07-2017,11:38PM 04-07-2017,Left,,,,31,Breast Milk,,
338,11:47PM 04-07-2017,11:58PM 04-07-2017,Right,,,,11,Breast Milk,,
339,12:14AM 04-08-2017,12:19AM 04-08-2017,Right,,,,5,Breast Milk,,
340,3:15AM 04-08-2017,3:28AM 04-08-2017,Right,,,,12,Breast Milk,,
341,3:43AM 04-08-2017,3:47AM 04-08-2017,Left,,,,4,Breast Milk,,
342,5:42AM 04-08-2017,5:59AM 04-08-2017,Left,,,,17,Breast Milk,,
343,6:13AM 04-08-2017,6:21AM 04-08-2017,Right,,,,8,Breast Milk,,
344,6:27AM 04-08-2017,6:30AM 04-08-2017,Right,,,,3,Breast Milk,,
345,9:09AM 04-08-2017,9:33AM 04-08-2017,Right,,,,24,Breast Milk,,
346,9:50AM 04-08-2017,10:13AM 04-08-2017,Left,,,,22,Breast Milk,,
347,11:07AM 04-08-2017,11:21AM 04-08-2017,Right,,,,15,Breast Milk,,
348,11:43AM 04-08-2017,11:55AM 04-08-2017,Left,,,,12,Breast Milk,,
349,1:40PM 04-08-2017,1:45PM 04-08-2017,Bottle,1.5,44.36,,5,Liquid,IMPERIAL,Pump
350,2:25PM 04-08-2017,2:34PM 04-08-2017,Right,,,,9,Breast Milk,,
351,2:50PM 04-08-2017,2:59PM 04-08-2017,Left,,,,9,Breast Milk,,
352,4:58PM 04-08-2017,5:12PM 04-08-2017,Right,,,,14,Breast Milk,,
353,5:32PM 04-08-2017,5:44PM 04-08-2017,Left,,,,13,Breast Milk,,
354,7:26PM 04-08-2017,7:41PM 04-08-2017,Right,,,,15,Breast Milk,,
355,7:58PM 04-08-2017,8:07PM 04-08-2017,Left,,,,8,Breast Milk,,
356,8:52PM 04-08-2017,8:57PM 04-08-2017,Left,,,,5,Breast Milk,,
357,9:50PM 04-08-2017,10:24PM 04-08-2017,Right,,,,34,Breast Milk,,
358,10:38PM 04-08-2017,10:58PM 04-08-2017,Left,,,,20,Breast Milk,,
359,2:18AM 04-09-2017,2:29AM 04-09-2017,Right,,,,11,Breast Milk,,
360,2:44AM 04-09-2017,2:56AM 04-09-2017,Left,,,,11,Breast Milk,,
361,6:09AM 04-09-2017,6:28AM 04-09-2017,Right,,,,19,Breast Milk,,
362,6:48AM 04-09-2017,7:03AM 04-09-2017,Left,,,,14,Breast Milk,,
363,9:31AM 04-09-2017,9:52AM 04-09-2017,Left,,,,21,Breast Milk,,
364,9:57AM 04-09-2017,9:59AM 04-09-2017,Right,,,,2,Breast Milk,,
365,11:35AM 04-09-2017,12:00PM 04-09-2017,Bottle,3.0,88.72,,25,Liquid,IMPERIAL,
367,1:55PM 04-09-2017,2:00PM 04-09-2017,Bottle,1.5,44.36,,5,Liquid,IMPERIAL,Pump
366,2:03PM 04-09-2017,2:13PM 04-09-2017,Right,,,,10,Breast Milk,,
368,2:59PM 04-09-2017,3:06PM 04-09-2017,Right,,,,7,Breast Milk,,
369,3:19PM 04-09-2017,3:26PM 04-09-2017,Left,,,,6,Breast Milk,,
370,4:02PM 04-09-2017,4:10PM 04-09-2017,Right,,,,9,Breast Milk,,
371,4:23PM 04-09-2017,4:38PM 04-09-2017,Left,,,,15,Breast Milk,,
372,6:15PM 04-09-2017,6:22PM 04-09-2017,Right,,,,7,Breast Milk,,
373,6:44PM 04-09-2017,7:08PM 04-09-2017,Left,,,,24,Breast Milk,,
374,8:46PM 04-09-2017,9:10PM 04-09-2017,Right,,,,24,Breast Milk,,
375,9:19PM 04-09-2017,9:54PM 04-09-2017,Left,,,,35,Breast Milk,,
376,1:06AM 04-10-2017,1:18AM 04-10-2017,Left,,,,12,Breast Milk,,
378,1:34AM 04-10-2017,1:44AM 04-10-2017,Right,,,,10,Breast Milk,,
379,4:12AM 04-10-2017,4:23AM 04-10-2017,Left,,,,11,Breast Milk,,
380,4:38AM 04-10-2017,4:41AM 04-10-2017,Right,,,Couldn't get him to eat more,3,Breast Milk,,
381,6:15AM 04-10-2017,6:27AM 04-10-2017,Right,,,,12,Breast Milk,,
382,6:47AM 04-10-2017,6:48AM 04-10-2017,Left,,,,1,Breast Milk,,
383,7:52AM 04-10-2017,8:01AM 04-10-2017,Left,,,,9,Breast Milk,,
384,8:22AM 04-10-2017,8:35AM 04-10-2017,Right,,,,13,Breast Milk,,
385,9:31AM 04-10-2017,9:50AM 04-10-2017,Left,,,,19,Breast Milk,,
386,10:06AM 04-10-2017,10:24AM 04-10-2017,Right,,,,18,Breast Milk,,
387,11:05AM 04-10-2017,11:18AM 04-10-2017,Left,,,,13,Breast Milk,,
388,11:27AM 04-10-2017,11:30AM 04-10-2017,Right,,,,3,Breast Milk,,
389,12:58PM 04-10-2017,1:22PM 04-10-2017,Right,,,,24,Breast Milk,,
390,1:39PM 04-10-2017,1:46PM 04-10-2017,Left,,,,7,Breast Milk,,
391,3:09PM 04-10-2017,3:19PM 04-10-2017,Left,,,,10,Breast Milk,,
392,3:36PM 04-10-2017,3:50PM 04-10-2017,Right,,,,14,Breast Milk,,
393,4:37PM 04-10-2017,4:58PM 04-10-2017,Left,,,,21,Breast Milk,,
394,7:22PM 04-10-2017,7:40PM 04-10-2017,Right,,,,18,Breast Milk,,
395,7:54PM 04-10-2017,8:05PM 04-10-2017,Left,,,,11,Breast Milk,,
396,9:05PM 04-10-2017,9:24PM 04-10-2017,Right,,,,19,Breast Milk,,
397,9:35PM 04-10-2017,10:01PM 04-10-2017,Left,,,,26,Breast Milk,,
398,10:08PM 04-10-2017,10:19PM 04-10-2017,Right,,,,11,Breast Milk,,
399,2:09AM 04-11-2017,2:22AM 04-11-2017,Left,,,,13,Breast Milk,,
400,2:36AM 04-11-2017,2:41AM 04-11-2017,Right,,,,5,Breast Milk,,
401,2:50AM 04-11-2017,2:52AM 04-11-2017,Right,,,,2,Breast Milk,,
402,4:46AM 04-11-2017,5:12AM 04-11-2017,Right,,,,27,Breast Milk,,
403,5:24AM 04-11-2017,5:29AM 04-11-2017,Left,,,,5,Breast Milk,,
404,8:13AM 04-11-2017,8:23AM 04-11-2017,Left,,,,10,Breast Milk,,
405,8:39AM 04-11-2017,8:57AM 04-11-2017,Right,,,,18,Breast Milk,,
406,9:53AM 04-11-2017,10:23AM 04-11-2017,Right,,,,29,Breast Milk,,
407,10:34AM 04-11-2017,10:46AM 04-11-2017,Left,,,,13,Breast Milk,,
408,11:18AM 04-11-2017,11:25AM 04-11-2017,Left,,,,8,Breast Milk,,
409,12:47PM 04-11-2017,1:01PM 04-11-2017,Left,,,,14,Breast Milk,,
410,1:13PM 04-11-2017,1:39PM 04-11-2017,Right,,,,26,Breast Milk,,
411,3:10PM 04-11-2017,3:45PM 04-11-2017,Bottle,3.0,88.72,With a break in middle,35,Liquid,IMPERIAL,Pump
412,4:58PM 04-11-2017,5:07PM 04-11-2017,Right,,,,9,Breast Milk,,
413,5:17PM 04-11-2017,5:46PM 04-11-2017,Left,,,,30,Breast Milk,,
414,8:57PM 04-11-2017,9:16PM 04-11-2017,Right,,,,19,Breast Milk,,
415,9:26PM 04-11-2017,9:35PM 04-11-2017,Left,,,,8,Breast Milk,,
416,9:47PM 04-11-2017,9:52PM 04-11-2017,Left,,,,4,Breast Milk,,
417,10:05PM 04-11-2017,10:33PM 04-11-2017,Left,,,,28,Breast Milk,,
418,1:35AM 04-12-2017,1:46AM 04-12-2017,Right,,,,11,Breast Milk,,
419,1:58AM 04-12-2017,2:00AM 04-12-2017,Left,,,,2,Breast Milk,,
420,4:36AM 04-12-2017,4:41AM 04-12-2017,Left,,,Stop for leaky poo,5,Breast Milk,,
421,4:55AM 04-12-2017,5:04AM 04-12-2017,Left,,,,9,Breast Milk,,
422,5:09AM 04-12-2017,5:22AM 04-12-2017,Right,,,,14,Breast Milk,,
423,7:19AM 04-12-2017,7:25AM 04-12-2017,Left,,,,6,Breast Milk,,
424,9:01AM 04-12-2017,9:13AM 04-12-2017,Right,,,,12,Breast Milk,,
425,9:29AM 04-12-2017,9:41AM 04-12-2017,Left,,,,12,Breast Milk,,
426,11:00AM 04-12-2017,11:22AM 04-12-2017,Right,,,,22,Breast Milk,,
427,11:37AM 04-12-2017,11:50AM 04-12-2017,Left,,,,13,Breast Milk,,
428,1:09PM 04-12-2017,1:20PM 04-12-2017,Left,,,,12,Breast Milk,,
429,1:35PM 04-12-2017,1:42PM 04-12-2017,Right,,,,7,Breast Milk,,
430,1:51PM 04-12-2017,2:20PM 04-12-2017,Right,,,,29,Breast Milk,,
431,4:04PM 04-12-2017,4:19PM 04-12-2017,Left,,,,15,Breast Milk,,
432,4:37PM 04-12-2017,4:44PM 04-12-2017,Right,,,,8,Breast Milk,,
433,6:28PM 04-12-2017,6:34PM 04-12-2017,Left,,,Fell asleep,5,Breast Milk,,
434,6:45PM 04-12-2017,6:51PM 04-12-2017,Left,,,,6,Breast Milk,,
435,7:08PM 04-12-2017,7:16PM 04-12-2017,Right,,,,8,Breast Milk,,
436,7:24PM 04-12-2017,7:31PM 04-12-2017,Right,,,,7,Breast Milk,,
437,9:23PM 04-12-2017,9:36PM 04-12-2017,Bottle,3.0,88.72,,13,Liquid,IMPERIAL,Pump
438,1:20AM 04-13-2017,1:29AM 04-13-2017,Left,,,,9,Breast Milk,,
439,3:44AM 04-13-2017,3:52AM 04-13-2017,Right,,,,8,Breast Milk,,
440,4:09AM 04-13-2017,4:15AM 04-13-2017,Left,,,,6,Breast Milk,,
441,6:08AM 04-13-2017,6:14AM 04-13-2017,Left,,,Asleep...,6,Breast Milk,,
442,6:42AM 04-13-2017,6:43AM 04-13-2017,Left,,,,2,Breast Milk,,
443,7:50AM 04-13-2017,7:58AM 04-13-2017,Right,,,,8,Breast Milk,,
444,8:16AM 04-13-2017,8:23AM 04-13-2017,Left,,,,7,Breast Milk,,
445,10:42AM 04-13-2017,11:04AM 04-13-2017,Right,,,,22,Breast Milk,,
446,1:27PM 04-13-2017,1:35PM 04-13-2017,Left,,,,8,Breast Milk,,
447,1:49PM 04-13-2017,2:00PM 04-13-2017,Right,,,,11,Breast Milk,,
448,3:10PM 04-13-2017,3:22PM 04-13-2017,Right,,,,12,Breast Milk,,
449,3:40PM 04-13-2017,3:52PM 04-13-2017,Left,,,,12,Breast Milk,,
450,6:13PM 04-13-2017,6:40PM 04-13-2017,Right,,,,27,Breast Milk,,
451,6:52PM 04-13-2017,7:03PM 04-13-2017,Left,,,,10,Breast Milk,,
452,8:15PM 04-13-2017,8:30PM 04-13-2017,Left,,,,15,Breast Milk,,
453,8:42PM 04-13-2017,8:58PM 04-13-2017,Right,,,,16,Breast Milk,,
454,9:58PM 04-13-2017,10:11PM 04-13-2017,Left,,,,13,Breast Milk,,
455,10:24PM 04-13-2017,10:37PM 04-13-2017,Right,,,,13,Breast Milk,,
456,12:13AM 04-14-2017,12:25AM 04-14-2017,Left,,,,12,Breast Milk,,
457,12:39AM 04-14-2017,12:51AM 04-14-2017,Right,,,,12,Breast Milk,,
458,4:27AM 04-14-2017,4:39AM 04-14-2017,Left,,,Huge spit up,12,Breast Milk,,
459,4:56AM 04-14-2017,5:05AM 04-14-2017,Right,,,,10,Breast Milk,,
460,7:17AM 04-14-2017,7:34AM 04-14-2017,Right,,,,17,Breast Milk,,
461,7:56AM 04-14-2017,8:05AM 04-14-2017,Left,,,,9,Breast Milk,,
462,9:51AM 04-14-2017,10:12AM 04-14-2017,Right,,,,22,Breast Milk,,
463,10:14AM 04-14-2017,10:27AM 04-14-2017,Left,,,,13,Breast Milk,,
464,12:03PM 04-14-2017,12:12PM 04-14-2017,Left,,,,9,Breast Milk,,
465,12:23PM 04-14-2017,12:38PM 04-14-2017,Right,,,,14,Breast Milk,,
466,1:25PM 04-14-2017,1:42PM 04-14-2017,Left,,,,17,Breast Milk,,
467,1:56PM 04-14-2017,2:02PM 04-14-2017,Right,,,,6,Breast Milk,,
468,5:02PM 04-14-2017,5:20PM 04-14-2017,Right,,,,18,Breast Milk,,
469,5:33PM 04-14-2017,5:41PM 04-14-2017,Left,,,,7,Breast Milk,,
470,7:25PM 04-14-2017,7:48PM 04-14-2017,Left,,,,23,Breast Milk,,
471,7:59PM 04-14-2017,8:06PM 04-14-2017,Right,,,,7,Breast Milk,,
472,9:08PM 04-14-2017,9:19PM 04-14-2017,Right,,,,11,Breast Milk,,
473,9:28PM 04-14-2017,9:39PM 04-14-2017,Left,,,,11,Breast Milk,,
474,10:05PM 04-14-2017,10:11PM 04-14-2017,Right,,,,6,Breast Milk,,
475,12:37AM 04-15-2017,12:47AM 04-15-2017,Left,,,Wouldn't stay latched without shield.,9,Breast Milk,,
476,1:00AM 04-15-2017,1:05AM 04-15-2017,Right,,,Stopped to re latch and he fell right asleep. Again needed shield,5,Breast Milk,,
477,4:33AM 04-15-2017,4:41AM 04-15-2017,Right,,,,8,Breast Milk,,
478,4:55AM 04-15-2017,5:01AM 04-15-2017,Left,,,,6,Breast Milk,,
479,8:17AM 04-15-2017,8:32AM 04-15-2017,Left,,,,15,Breast Milk,,
480,8:45AM 04-15-2017,8:52AM 04-15-2017,Right,,,,7,Breast Milk,,
481,11:27AM 04-15-2017,11:40AM 04-15-2017,Right,,,Car feed. Some pauses,12,Breast Milk,,
482,11:44AM 04-15-2017,11:47AM 04-15-2017,Left,,,Car feed side 2,3,Breast Milk,,
483,2:13PM 04-15-2017,2:23PM 04-15-2017,Left,,,,9,Breast Milk,,
484,2:29PM 04-15-2017,2:31PM 04-15-2017,Right,,,,2,Breast Milk,,
485,2:50PM 04-15-2017,2:57PM 04-15-2017,Right,,,,8,Breast Milk,,
486,4:49PM 04-15-2017,5:02PM 04-15-2017,Left,,,,13,Breast Milk,,
487,5:15PM 04-15-2017,5:25PM 04-15-2017,Right,,,,10,Breast Milk,,
488,6:50PM 04-15-2017,7:14PM 04-15-2017,Left,,,,24,Breast Milk,,
489,8:03PM 04-15-2017,8:23PM 04-15-2017,Right,,,,20,Breast Milk,,
490,11:45PM 04-15-2017,11:54PM 04-15-2017,Right,,,,8,Breast Milk,,
491,12:11AM 04-16-2017,12:17AM 04-16-2017,Left,,,,6,Breast Milk,,
492,2:33AM 04-16-2017,2:49AM 04-16-2017,Left,,,Steady sucking for 8 minutes,16,Breast Milk,,
493,3:03AM 04-16-2017,3:07AM 04-16-2017,Right,,,,4,Breast Milk,,
494,6:40AM 04-16-2017,6:58AM 04-16-2017,Right,,,,18,Breast Milk,,
495,7:17AM 04-16-2017,7:22AM 04-16-2017,Left,,,,5,Breast Milk,,
496,9:22AM 04-16-2017,9:35AM 04-16-2017,Left,,,,13,Breast Milk,,
497,12:35PM 04-16-2017,1:00PM 04-16-2017,Bottle,3.0,88.72,Includes break in middle.,25,Liquid,IMPERIAL,Pump
498,2:31PM 04-16-2017,2:49PM 04-16-2017,Right,,,,18,Breast Milk,,
499,3:04PM 04-16-2017,3:10PM 04-16-2017,Left,,,,6,Breast Milk,,
500,5:14PM 04-16-2017,5:22PM 04-16-2017,Left,,,,8,Breast Milk,,
501,5:35PM 04-16-2017,5:41PM 04-16-2017,Right,,,,6,Breast Milk,,
502,7:33PM 04-16-2017,7:42PM 04-16-2017,Right,,,,9,Breast Milk,,
503,8:02PM 04-16-2017,8:07PM 04-16-2017,Left,,,,5,Breast Milk,,
504,8:17PM 04-16-2017,8:42PM 04-16-2017,Left,,,,25,Breast Milk,,
505,10:23PM 04-16-2017,10:51PM 04-16-2017,Right,,,,28,Breast Milk,,
506,11:04PM 04-16-2017,11:12PM 04-16-2017,Left,,,,8,Breast Milk,,
507,3:28AM 04-17-2017,3:37AM 04-17-2017,Left,,,,10,Breast Milk,,
508,3:54AM 04-17-2017,4:00AM 04-17-2017,Right,,,,6,Breast Milk,,
509,4:26AM 04-17-2017,4:28AM 04-17-2017,Right,,,Resettling,2,Breast Milk,,
510,5:54AM 04-17-2017,6:02AM 04-17-2017,Right,,,Not a lot of drinking.,8,Breast Milk,,
511,6:56AM 04-17-2017,7:08AM 04-17-2017,Right,,,,13,Breast Milk,,
512,7:38AM 04-17-2017,7:44AM 04-17-2017,Left,,,,6,Breast Milk,,
513,9:05AM 04-17-2017,9:18AM 04-17-2017,Left,,,,13,Breast Milk,,
514,11:29AM 04-17-2017,11:44AM 04-17-2017,Right,,,,15,Breast Milk,,
515,11:57AM 04-17-2017,12:08PM 04-17-2017,Left,,,,11,Breast Milk,,
516,2:24PM 04-17-2017,2:29PM 04-17-2017,Left,,,,5,Breast Milk,,
517,3:20PM 04-17-2017,3:34PM 04-17-2017,Right,,,,13,Breast Milk,,
518,6:46PM 04-17-2017,6:55PM 04-17-2017,Left,,,,9,Breast Milk,,
519,7:12PM 04-17-2017,7:28PM 04-17-2017,Right,,,With shield from about 7 minutes. First minutes slow and interrupted,15,Breast Milk,,
520,9:21PM 04-17-2017,9:42PM 04-17-2017,Left,,,,21,Breast Milk,,
521,9:55PM 04-17-2017,10:08PM 04-17-2017,Right,,,,13,Breast Milk,,
522,10:25PM 04-17-2017,10:37PM 04-17-2017,Right,,,,12,Breast Milk,,
523,3:31AM 04-18-2017,3:42AM 04-18-2017,Left,,,,11,Breast Milk,,
524,6:04AM 04-18-2017,6:17AM 04-18-2017,Right,,,,12,Breast Milk,,
525,8:26AM 04-18-2017,8:35AM 04-18-2017,Left,,,,9,Breast Milk,,
526,10:45AM 04-18-2017,11:01AM 04-18-2017,Right,,,,16,Breast Milk,,
527,11:07AM 04-18-2017,11:10AM 04-18-2017,Left,,,,3,Breast Milk,,
528,1:34PM 04-18-2017,1:46PM 04-18-2017,Left,,,,12,Breast Milk,,
529,1:52PM 04-18-2017,2:08PM 04-18-2017,Right,,,,16,Breast Milk,,
530,3:59PM 04-18-2017,4:24PM 04-18-2017,Right,,,,25,Breast Milk,,
531,4:31PM 04-18-2017,4:38PM 04-18-2017,Left,,,,6,Breast Milk,,
532,7:10PM 04-18-2017,7:21PM 04-18-2017,Left,,,,11,Breast Milk,,
533,7:33PM 04-18-2017,7:42PM 04-18-2017,Right,,,,9,Breast Milk,,
534,7:55PM 04-18-2017,8:00PM 04-18-2017,Right,,,,5,Breast Milk,,
535,9:12PM 04-18-2017,9:29PM 04-18-2017,Left,,,,17,Breast Milk,,
536,9:35PM 04-18-2017,9:46PM 04-18-2017,Right,,,,11,Breast Milk,,
537,9:56PM 04-18-2017,10:08PM 04-18-2017,Right,,,,12,Breast Milk,,
538,2:30AM 04-19-2017,2:38AM 04-19-2017,Left,,,,8,Breast Milk,,
539,5:22AM 04-19-2017,5:35AM 04-19-2017,Right,,,,13,Breast Milk,,
540,5:52AM 04-19-2017,5:57AM 04-19-2017,Left,,,,5,Breast Milk,,
541,9:13AM 04-19-2017,9:29AM 04-19-2017,Left,,,,15,Breast Milk,,
542,9:38AM 04-19-2017,9:44AM 04-19-2017,Right,,,,6,Breast Milk,,
543,11:58AM 04-19-2017,12:11PM 04-19-2017,Right,,,,12,Breast Milk,,
544,12:23PM 04-19-2017,12:26PM 04-19-2017,Left,,,,3,Breast Milk,,
545,2:47PM 04-19-2017,3:06PM 04-19-2017,Right,,,,19,Breast Milk,,
546,3:20PM 04-19-2017,3:27PM 04-19-2017,Left,,,,8,Breast Milk,,
547,4:57PM 04-19-2017,5:09PM 04-19-2017,Right,,,,12,Breast Milk,,
548,5:18PM 04-19-2017,5:30PM 04-19-2017,Right,,,,12,Breast Milk,,
549,6:57PM 04-19-2017,7:07PM 04-19-2017,Left,,,,10,Breast Milk,,
550,7:25PM 04-19-2017,7:45PM 04-19-2017,Right,,,,20,Breast Milk,,
551,7:57PM 04-19-2017,8:07PM 04-19-2017,Left,,,,11,Breast Milk,,
553,9:13PM 04-19-2017,9:19PM 04-19-2017,Left,,,Sleepy,6,Breast Milk,,
552,9:25PM 04-19-2017,9:34PM 04-19-2017,Right,,,Sleepy,9,Breast Milk,,
554,1:59AM 04-20-2017,2:21AM 04-20-2017,Left,,,,22,Breast Milk,,
555,2:34AM 04-20-2017,2:46AM 04-20-2017,Right,,,,12,Breast Milk,,
556,5:33AM 04-20-2017,5:45AM 04-20-2017,Right,,,,12,Breast Milk,,
557,6:02AM 04-20-2017,6:07AM 04-20-2017,Left,,,,5,Breast Milk,,
558,9:10AM 04-20-2017,9:25AM 04-20-2017,Left,,,,15,Breast Milk,,
559,9:34AM 04-20-2017,9:47AM 04-20-2017,Right,,,,13,Breast Milk,,
560,12:28PM 04-20-2017,12:37PM 04-20-2017,Left,,,,10,Breast Milk,,
561,12:50PM 04-20-2017,12:57PM 04-20-2017,Right,,,,7,Breast Milk,,
562,3:16PM 04-20-2017,3:29PM 04-20-2017,Right,,,,13,Breast Milk,,
563,3:38PM 04-20-2017,3:54PM 04-20-2017,Left,,,,16,Breast Milk,,
564,6:30PM 04-20-2017,6:51PM 04-20-2017,Right,,,,21,Breast Milk,,
565,6:58PM 04-20-2017,7:06PM 04-20-2017,Left,,,,8,Breast Milk,,
566,11:35PM 04-20-2017,12:05AM 04-21-2017,Bottle,4.0,118.29,,30,Liquid,IMPERIAL,
567,2:57AM 04-21-2017,3:09AM 04-21-2017,Left,,,,11,Breast Milk,,
568,3:19AM 04-21-2017,3:24AM 04-21-2017,Right,,,,5,Breast Milk,,
569,6:41AM 04-21-2017,7:00AM 04-21-2017,Right,,,,19,Breast Milk,,
570,7:12AM 04-21-2017,7:15AM 04-21-2017,Left,,,,3,Breast Milk,,
571,9:03AM 04-21-2017,9:16AM 04-21-2017,Left,,,,12,Breast Milk,,
572,9:28AM 04-21-2017,9:40AM 04-21-2017,Right,,,,12,Breast Milk,,
573,11:36AM 04-21-2017,11:46AM 04-21-2017,Left,,,,11,Breast Milk,,
574,1:13PM 04-21-2017,1:15PM 04-21-2017,Right,,,Too sleepy,1,Breast Milk,,
575,4:00PM 04-21-2017,4:40PM 04-21-2017,Bottle,4.0,118.29,,40,Liquid,IMPERIAL,Pump
576,7:03PM 04-21-2017,7:12PM 04-21-2017,Bottle,2.0,59.15,,9,Liquid,IMPERIAL,Pump
577,7:13PM 04-21-2017,7:23PM 04-21-2017,Left,,,,9,Breast Milk,,
578,7:24PM 04-21-2017,7:25PM 04-21-2017,Right,,,,1,Breast Milk,,
579,9:09PM 04-21-2017,9:30PM 04-21-2017,Right,,,,22,Breast Milk,,
580,9:41PM 04-21-2017,9:49PM 04-21-2017,Left,,,,8,Breast Milk,,
581,1:44AM 04-22-2017,1:59AM 04-22-2017,Left,,,,15,Breast Milk,,
582,2:25AM 04-22-2017,2:31AM 04-22-2017,Right,,,,6,Breast Milk,,
583,6:18AM 04-22-2017,6:29AM 04-22-2017,Right,,,,11,Breast Milk,,
584,6:44AM 04-22-2017,6:45AM 04-22-2017,Left,,,,2,Breast Milk,,
585,9:41AM 04-22-2017,9:49AM 04-22-2017,Left,,,,8,Breast Milk,,
586,10:02AM 04-22-2017,10:10AM 04-22-2017,Right,,,,7,Breast Milk,,
587,12:41PM 04-22-2017,12:51PM 04-22-2017,Right,,,,11,Breast Milk,,
588,12:53PM 04-22-2017,1:01PM 04-22-2017,Left,,,,7,Breast Milk,,
589,4:42PM 04-22-2017,5:22PM 04-22-2017,Bottle,4.0,118.29,Including burp break,40,Liquid,IMPERIAL,Pump
590,7:03PM 04-22-2017,7:16PM 04-22-2017,Left,,,,13,Breast Milk,,
591,7:23PM 04-22-2017,7:37PM 04-22-2017,Right,,,,14,Breast Milk,,
592,12:26AM 04-23-2017,12:37AM 04-23-2017,Left,,,,11,Breast Milk,,
593,12:51AM 04-23-2017,12:54AM 04-23-2017,Right,,,,3,Breast Milk,,
594,3:52AM 04-23-2017,4:07AM 04-23-2017,Right,,,,16,Breast Milk,,
595,4:24AM 04-23-2017,4:28AM 04-23-2017,Left,,,,4,Breast Milk,,
596,7:48AM 04-23-2017,8:01AM 04-23-2017,Left,,,,13,Breast Milk,,
597,8:16AM 04-23-2017,8:23AM 04-23-2017,Right,,,,7,Breast Milk,,
598,10:41AM 04-23-2017,11:04AM 04-23-2017,Right,,,Slow drinking  pauses,23,Breast Milk,,
599,11:16AM 04-23-2017,11:27AM 04-23-2017,Left,,,,11,Breast Milk,,
600,1:52PM 04-23-2017,2:08PM 04-23-2017,Left,,,,16,Breast Milk,,
601,2:18PM 04-23-2017,2:27PM 04-23-2017,Right,,,,9,Breast Milk,,
602,4:56PM 04-23-2017,5:07PM 04-23-2017,Right,,,,11,Breast Milk,,
603,5:21PM 04-23-2017,5:45PM 04-23-2017,Left,,,,25,Breast Milk,,
604,5:46PM 04-23-2017,5:53PM 04-23-2017,Right,,,,7,Breast Milk,,
605,7:30PM 04-23-2017,7:48PM 04-23-2017,Right,,,,18,Breast Milk,,
606,8:04PM 04-23-2017,8:30PM 04-23-2017,Left,,,,27,Breast Milk,,
607,8:45PM 04-23-2017,8:52PM 04-23-2017,Right,,,,8,Breast Milk,,
608,11:18PM 04-23-2017,11:30PM 04-23-2017,Left,,,,12,Breast Milk,,
609,2:27AM 04-24-2017,2:46AM 04-24-2017,Right,,,,19,Breast Milk,,
610,3:02AM 04-24-2017,3:19AM 04-24-2017,Left,,,,17,Breast Milk,,
611,3:27AM 04-24-2017,3:30AM 04-24-2017,Left,,,,4,Breast Milk,,
612,7:14AM 04-24-2017,7:23AM 04-24-2017,Left,,,,9,Breast Milk,,
613,7:34AM 04-24-2017,7:40AM 04-24-2017,Right,,,,5,Breast Milk,,
614,7:46AM 04-24-2017,7:51AM 04-24-2017,Right,,,,5,Breast Milk,,
615,9:53AM 04-24-2017,10:07AM 04-24-2017,Left,,,,14,Breast Milk,,
616,10:17AM 04-24-2017,10:25AM 04-24-2017,Right,,,,9,Breast Milk,,
617,1:45PM 04-24-2017,1:59PM 04-24-2017,Right,,,,14,Breast Milk,,
618,2:09PM 04-24-2017,2:29PM 04-24-2017,Left,,,,20,Breast Milk,,
619,5:02PM 04-24-2017,5:11PM 04-24-2017,Right,,,,9,Breast Milk,,
620,5:20PM 04-24-2017,5:29PM 04-24-2017,Left,,,,9,Breast Milk,,
621,8:58PM 04-24-2017,9:21PM 04-24-2017,Right,,,,23,Breast Milk,,
622,9:31PM 04-24-2017,9:45PM 04-24-2017,Left,,,,13,Breast Milk,,
623,3:29AM 04-25-2017,3:41AM 04-25-2017,Right,,,,12,Breast Milk,,
624,3:54AM 04-25-2017,3:57AM 04-25-2017,Left,,,,3,Breast Milk,,
625,6:17AM 04-25-2017,6:30AM 04-25-2017,Left,,,,12,Breast Milk,,
626,6:42AM 04-25-2017,6:45AM 04-25-2017,Right,,,,3,Breast Milk,,
627,8:14AM 04-25-2017,8:25AM 04-25-2017,Right,,,,11,Breast Milk,,
628,10:04AM 04-25-2017,10:17AM 04-25-2017,Left,,,,14,Breast Milk,,
629,10:26AM 04-25-2017,10:36AM 04-25-2017,Right,,,,10,Breast Milk,,
630,1:10PM 04-25-2017,1:19PM 04-25-2017,Bottle,1.0,29.57,,9,Liquid,IMPERIAL,Pump
631,1:46PM 04-25-2017,1:55PM 04-25-2017,Bottle,1.0,29.57,,9,Liquid,IMPERIAL,Pump
632,3:23PM 04-25-2017,3:31PM 04-25-2017,Left,,,,8,Breast Milk,,
633,6:30PM 04-25-2017,6:47PM 04-25-2017,Right,,,,17,Breast Milk,,
634,7:12PM 04-25-2017,7:26PM 04-25-2017,Left,,,,14,Breast Milk,,
635,9:14PM 04-25-2017,9:33PM 04-25-2017,Right,,,,19,Breast Milk,,
636,9:44PM 04-25-2017,10:00PM 04-25-2017,Left,,,,16,Breast Milk,,
637,3:01AM 04-26-2017,3:09AM 04-26-2017,Right,,,,8,Breast Milk,,
638,4:57AM 04-26-2017,5:02AM 04-26-2017,Left,,,,6,Breast Milk,,
639,8:44AM 04-26-2017,8:56AM 04-26-2017,Right,,,,12,Breast Milk,,
640,12:17PM 04-26-2017,12:34PM 04-26-2017,Left,,,,17,Breast Milk,,
641,12:37PM 04-26-2017,12:46PM 04-26-2017,Right,,,,9,Breast Milk,,
642,5:00PM 04-26-2017,5:09PM 04-26-2017,Left,,,,9,Breast Milk,,
643,5:15PM 04-26-2017,5:15PM 04-26-2017,Right,,,,1,Breast Milk,,
644,5:22PM 04-26-2017,5:25PM 04-26-2017,Right,,,,3,Breast Milk,,
645,7:13PM 04-26-2017,7:22PM 04-26-2017,Right,,,,8,Breast Milk,,
646,7:24PM 04-26-2017,7:37PM 04-26-2017,Left,,,,14,Breast Milk,,
647,9:31PM 04-26-2017,9:43PM 04-26-2017,Right,,,,12,Breast Milk,,
648,9:53PM 04-26-2017,10:02PM 04-26-2017,Left,,,,10,Breast Milk,,
649,1:40AM 04-27-2017,1:49AM 04-27-2017,Right,,,,9,Breast Milk,,
650,2:03AM 04-27-2017,2:04AM 04-27-2017,Left,,,,1,Breast Milk,,
651,5:26AM 04-27-2017,5:34AM 04-27-2017,Left,,,,7,Breast Milk,,
652,6:03AM 04-27-2017,6:04AM 04-27-2017,Right,,,,1,Breast Milk,,
653,8:26AM 04-27-2017,8:36AM 04-27-2017,Right,,,,11,Breast Milk,,
654,8:50AM 04-27-2017,8:54AM 04-27-2017,Left,,,,4,Breast Milk,,
655,12:40PM 04-27-2017,12:49PM 04-27-2017,Right,,,,9,Breast Milk,,
656,2:32PM 04-27-2017,2:40PM 04-27-2017,Left,,,,8,Breast Milk,,
657,4:42PM 04-27-2017,4:54PM 04-27-2017,Right,,,,12,Breast Milk,,
658,5:03PM 04-27-2017,5:07PM 04-27-2017,Left,,,,4,Breast Milk,,
659,7:20PM 04-27-2017,7:36PM 04-27-2017,Left,,,,16,Breast Milk,,
661,7:46PM 04-27-2017,8:01PM 04-27-2017,Right,,,,15,Breast Milk,,
662,9:34PM 04-27-2017,9:41PM 04-27-2017,Left,,,,7,Breast Milk,,
663,9:51PM 04-27-2017,10:03PM 04-27-2017,Right,,,,12,Breast Milk,,
664,10:09PM 04-27-2017,10:16PM 04-27-2017,Left,,,,7,Breast Milk,,
665,4:14AM 04-28-2017,4:29AM 04-28-2017,Right,,,,15,Breast Milk,,
666,4:44AM 04-28-2017,4:50AM 04-28-2017,Left,,,,6,Breast Milk,,
667,5:01AM 04-28-2017,5:03AM 04-28-2017,Left,,,,2,Breast Milk,,
668,7:37AM 04-28-2017,7:42AM 04-28-2017,Left,,,,5,Breast Milk,,
669,7:59AM 04-28-2017,8:03AM 04-28-2017,Right,,,,4,Breast Milk,,
670,10:55AM 04-28-2017,11:02AM 04-28-2017,Left,,,,8,Breast Milk,,
671,11:07AM 04-28-2017,11:15AM 04-28-2017,Right,,,,7,Breast Milk,,
672,2:15PM 04-28-2017,2:23PM 04-28-2017,Right,,,,8,Breast Milk,,
673,2:34PM 04-28-2017,2:35PM 04-28-2017,Left,,,,1,Breast Milk,,
674,2:43PM 04-28-2017,2:45PM 04-28-2017,Left,,,,3,Breast Milk,,
675,4:43PM 04-28-2017,4:52PM 04-28-2017,Left,,,,9,Breast Milk,,
676,5:01PM 04-28-2017,5:15PM 04-28-2017,Right,,,,14,Breast Milk,,
677,8:05PM 04-28-2017,8:21PM 04-28-2017,Bottle,3.5,103.51,,16,Liquid,IMPERIAL,Pump
678,9:55PM 04-28-2017,10:04PM 04-28-2017,Bottle,1.5,44.36,,9,Liquid,IMPERIAL,Pump
679,10:06PM 04-28-2017,10:16PM 04-28-2017,Left,,,,10,Breast Milk,,
680,10:27PM 04-28-2017,10:40PM 04-28-2017,Right,,,,13,Breast Milk,,
681,4:34AM 04-29-2017,4:43AM 04-29-2017,Right,,,,9,Breast Milk,,
682,4:58AM 04-29-2017,5:07AM 04-29-2017,Left,,,,9,Breast Milk,,
683,9:05AM 04-29-2017,9:09AM 04-29-2017,Left,,,,4,Breast Milk,,
684,9:22AM 04-29-2017,9:32AM 04-29-2017,Right,,,,11,Breast Milk,,
685,12:48PM 04-29-2017,12:57PM 04-29-2017,Left,,,,9,Breast Milk,,
686,1:03PM 04-29-2017,1:13PM 04-29-2017,Right,,,,10,Breast Milk,,
687,4:38PM 04-29-2017,4:51PM 04-29-2017,Left,,,,13,Breast Milk,,
688,6:12PM 04-29-2017,6:18PM 04-29-2017,Right,,,,6,Breast Milk,,
689,8:12PM 04-29-2017,8:24PM 04-29-2017,Right,,,,12,Breast Milk,,
690,8:27PM 04-29-2017,8:34PM 04-29-2017,Left,,,,7,Breast Milk,,
691,3:10AM 04-30-2017,3:19AM 04-30-2017,Left,,,,9,Breast Milk,,
692,3:36AM 04-30-2017,3:41AM 04-30-2017,Right,,,,5,Breast Milk,,
693,6:29AM 04-30-2017,6:36AM 04-30-2017,Right,,,,7,Breast Milk,,
694,6:51AM 04-30-2017,6:53AM 04-30-2017,Left,,,,2,Breast Milk,,
695,8:28AM 04-30-2017,8:39AM 04-30-2017,Left,,,,11,Breast Milk,,
696,8:47AM 04-30-2017,8:52AM 04-30-2017,Right,,,,5,Breast Milk,,
697,11:25AM 04-30-2017,11:35AM 04-30-2017,Right,,,,10,Breast Milk,,
698,11:48AM 04-30-2017,11:56AM 04-30-2017,Left,,,,9,Breast Milk,,
699,3:45PM 04-30-2017,3:58PM 04-30-2017,Right,,,,13,Breast Milk,,
700,4:03PM 04-30-2017,4:07PM 04-30-2017,Left,,,,4,Breast Milk,,
701,7:34PM 04-30-2017,7:56PM 04-30-2017,Left,,,,21,Breast Milk,,
702,7:59PM 04-30-2017,8:18PM 04-30-2017,Right,,,,20,Breast Milk,,
703,9:42PM 04-30-2017,9:52PM 04-30-2017,Right,,,,10,Breast Milk,,
704,10:02PM 04-30-2017,10:10PM 04-30-2017,Left,,,,8,Breast Milk,,
705,2:00AM 05-01-2017,2:11AM 05-01-2017,Left,,,,11,Breast Milk,,
706,2:22AM 05-01-2017,2:26AM 05-01-2017,Right,,,,5,Breast Milk,,
707,2:37AM 05-01-2017,2:43AM 05-01-2017,Right,,,,6,Breast Milk,,
708,5:50AM 05-01-2017,5:59AM 05-01-2017,Left,,,,9,Breast Milk,,
709,6:10AM 05-01-2017,6:25AM 05-01-2017,Right,,,,15,Breast Milk,,
710,10:05AM 05-01-2017,10:14AM 05-01-2017,Left,,,,9,Breast Milk,,
711,10:27AM 05-01-2017,10:32AM 05-01-2017,Right,,,,6,Breast Milk,,
712,12:48PM 05-01-2017,1:00PM 05-01-2017,Right,,,,12,Breast Milk,,
713,1:17PM 05-01-2017,1:27PM 05-01-2017,Left,,,,10,Breast Milk,,
714,1:38PM 05-01-2017,1:48PM 05-01-2017,Left,,,,10,Breast Milk,,
715,3:30PM 05-01-2017,3:39PM 05-01-2017,Right,,,,9,Breast Milk,,
716,3:46PM 05-01-2017,3:49PM 05-01-2017,Left,,,,3,Breast Milk,,
717,5:42PM 05-01-2017,6:01PM 05-01-2017,Left,,,,19,Breast Milk,,
718,6:03PM 05-01-2017,6:10PM 05-01-2017,Right,,,,7,Breast Milk,,
719,9:34PM 05-01-2017,9:52PM 05-01-2017,Bottle,4.5,133.08,,18,Liquid,IMPERIAL,Pump
720,1:52AM 05-02-2017,2:02AM 05-02-2017,Right,,,,10,Breast Milk,,
721,4:56AM 05-02-2017,5:03AM 05-02-2017,Left,,,,7,Breast Milk,,
722,5:20AM 05-02-2017,5:22AM 05-02-2017,Right,,,,2,Breast Milk,,
723,7:06AM 05-02-2017,7:13AM 05-02-2017,Right,,,,8,Breast Milk,,
724,9:56AM 05-02-2017,10:03AM 05-02-2017,Left,,,,8,Breast Milk,,
725,10:15AM 05-02-2017,10:21AM 05-02-2017,Right,,,,6,Breast Milk,,
726,12:54PM 05-02-2017,1:03PM 05-02-2017,Right,,,,9,Breast Milk,,
727,1:16PM 05-02-2017,1:31PM 05-02-2017,Bottle,1.69,50.0,,15,Liquid,METRIC,Pump
728,3:15PM 05-02-2017,3:20PM 05-02-2017,Left,,,,5,Breast Milk,,
729,3:33PM 05-02-2017,3:45PM 05-02-2017,Right,,,,12,Breast Milk,,
730,6:21PM 05-02-2017,6:29PM 05-02-2017,Left,,,,8,Breast Milk,,
731,6:51PM 05-02-2017,6:54PM 05-02-2017,Right,,,,3,Breast Milk,,
732,8:52PM 05-02-2017,9:06PM 05-02-2017,Left,,,,14,Breast Milk,,
733,9:15PM 05-02-2017,9:36PM 05-02-2017,Right,,,,20,Breast Milk,,
734,2:50AM 05-03-2017,2:57AM 05-03-2017,Left,,,,7,Breast Milk,,
735,3:13AM 05-03-2017,3:15AM 05-03-2017,Right,,,Coughed and then wouldn't take more,2,Breast Milk,,
736,3:28AM 05-03-2017,3:32AM 05-03-2017,Right,,,,4,Breast Milk,,
737,6:00AM 05-03-2017,6:10AM 05-03-2017,Right,,,,10,Breast Milk,,
738,8:46AM 05-03-2017,8:50AM 05-03-2017,Left,,,,5,Breast Milk,,
739,9:05AM 05-03-2017,9:14AM 05-03-2017,Right,,,,9,Breast Milk,,
740,12:23PM 05-03-2017,12:33PM 05-03-2017,Left,,,,10,Breast Milk,,
741,12:48PM 05-03-2017,12:54PM 05-03-2017,Right,,,,6,Breast Milk,,
742,2:40PM 05-03-2017,2:48PM 05-03-2017,Right,,,,8,Breast Milk,,
743,2:53PM 05-03-2017,3:05PM 05-03-2017,Left,,,,12,Breast Milk,,
744,5:24PM 05-03-2017,5:31PM 05-03-2017,Right,,,,7,Breast Milk,,
745,5:35PM 05-03-2017,5:39PM 05-03-2017,Right,,,,4,Breast Milk,,
746,5:49PM 05-03-2017,6:08PM 05-03-2017,Left,,,,19,Breast Milk,,
748,6:09PM 05-03-2017,6:17PM 05-03-2017,Right,,,,8,Breast Milk,,
749,8:25PM 05-03-2017,8:45PM 05-03-2017,Bottle,3.0,88.72,,20,Liquid,IMPERIAL,Pump
750,8:58PM 05-03-2017,9:06PM 05-03-2017,Right,,,,8,Breast Milk,,
751,9:12PM 05-03-2017,9:29PM 05-03-2017,Left,,,,16,Breast Milk,,
752,3:56AM 05-04-2017,4:08AM 05-04-2017,Right,,,,12,Breast Milk,,
753,4:21AM 05-04-2017,4:22AM 05-04-2017,Left,,,,2,Breast Milk,,
754,7:02AM 05-04-2017,7:10AM 05-04-2017,Left,,,,9,Breast Milk,,
755,7:27AM 05-04-2017,7:30AM 05-04-2017,Right,,,,4,Breast Milk,,
756,9:28AM 05-04-2017,9:38AM 05-04-2017,Right,,,,9,Breast Milk,,
757,9:43AM 05-04-2017,9:54AM 05-04-2017,Left,,,,11,Breast Milk,,
758,1:09PM 05-04-2017,1:14PM 05-04-2017,Right,,,,4,Breast Milk,,
759,1:28PM 05-04-2017,1:33PM 05-04-2017,Left,,,,5,Breast Milk,,
760,3:43PM 05-04-2017,3:50PM 05-04-2017,Right,,,,6,Breast Milk,,
761,3:56PM 05-04-2017,4:20PM 05-04-2017,Left,,,,24,Breast Milk,,
762,4:21PM 05-04-2017,4:26PM 05-04-2017,Right,,,,5,Breast Milk,,
763,5:56PM 05-04-2017,6:03PM 05-04-2017,Right,,,,7,Breast Milk,,
764,6:07PM 05-04-2017,6:14PM 05-04-2017,Left,,,,7,Breast Milk,,
765,7:45PM 05-04-2017,8:30PM 05-04-2017,Bottle,4.0,118.29,10 minutes break in middle,45,Liquid,IMPERIAL,Pump
766,9:28PM 05-04-2017,9:34PM 05-04-2017,Right,,,,6,Breast Milk,,
767,9:44PM 05-04-2017,9:49PM 05-04-2017,Left,,,,5,Breast Milk,,
768,10:04PM 05-04-2017,10:09PM 05-04-2017,Left,,,,4,Breast Milk,,
769,4:30AM 05-05-2017,4:40AM 05-05-2017,Right,,,,10,Breast Milk,,
770,4:53AM 05-05-2017,4:56AM 05-05-2017,Left,,,,3,Breast Milk,,
771,8:39AM 05-05-2017,8:53AM 05-05-2017,Left,,,,14,Breast Milk,,
772,9:03AM 05-05-2017,9:14AM 05-05-2017,Right,,,,11,Breast Milk,,
773,11:48AM 05-05-2017,12:00PM 05-05-2017,Right,,,,13,Breast Milk,,
774,12:12PM 05-05-2017,12:18PM 05-05-2017,Left,,,,6,Breast Milk,,
775,2:27PM 05-05-2017,2:36PM 05-05-2017,Left,,,,9,Breast Milk,,
776,2:41PM 05-05-2017,3:01PM 05-05-2017,Right,,,,20,Breast Milk,,
777,5:04PM 05-05-2017,5:15PM 05-05-2017,Left,,,,11,Breast Milk,,
778,5:30PM 05-05-2017,5:33PM 05-05-2017,Right,,,,3,Breast Milk,,
779,7:24PM 05-05-2017,7:29PM 05-05-2017,Right,,,,5,Breast Milk,,
780,7:34PM 05-05-2017,7:42PM 05-05-2017,Right,,,,8,Breast Milk,,
781,7:50PM 05-05-2017,8:01PM 05-05-2017,Left,,,,11,Breast Milk,,
782,8:13PM 05-05-2017,8:23PM 05-05-2017,Left,,,,10,Breast Milk,,
783,9:27PM 05-05-2017,9:31PM 05-05-2017,Right,,,,3,Breast Milk,,
784,10:01PM 05-05-2017,10:08PM 05-05-2017,Right,,,,7,Breast Milk,,
785,10:19PM 05-05-2017,10:27PM 05-05-2017,Left,,,,9,Breast Milk,,
786,1:55AM 05-06-2017,2:00AM 05-06-2017,Left,,,,5,Breast Milk,,
787,2:14AM 05-06-2017,2:17AM 05-06-2017,Right,,,,3,Breast Milk,,
788,4:56AM 05-06-2017,5:05AM 05-06-2017,Right,,,,9,Breast Milk,,
789,9:00AM 05-06-2017,9:06AM 05-06-2017,Left,,,,6,Breast Milk,,
790,9:27AM 05-06-2017,9:36AM 05-06-2017,Right,,,Choking - fast flow.,9,Breast Milk,,
791,12:21PM 05-06-2017,12:31PM 05-06-2017,Right,,,,9,Breast Milk,,
792,12:36PM 05-06-2017,12:43PM 05-06-2017,Left,,,,6,Breast Milk,,
793,3:45PM 05-06-2017,3:56PM 05-06-2017,Left,,,,11,Breast Milk,,
794,4:04PM 05-06-2017,4:16PM 05-06-2017,Right,,,,11,Breast Milk,,
795,9:11PM 05-06-2017,9:30PM 05-06-2017,Right,,,,19,Breast Milk,,
796,9:37PM 05-06-2017,9:45PM 05-06-2017,Left,,,,8,Breast Milk,,
797,9:51PM 05-06-2017,9:57PM 05-06-2017,Left,,,,6,Breast Milk,,
798,10:52PM 05-06-2017,10:58PM 05-06-2017,Left,,,,6,Breast Milk,,
799,3:33AM 05-07-2017,3:44AM 05-07-2017,Right,,,,10,Breast Milk,,
800,3:53AM 05-07-2017,3:55AM 05-07-2017,Left,,,,1,Breast Milk,,
801,6:08AM 05-07-2017,6:14AM 05-07-2017,Left,,,,6,Breast Milk,,
802,6:21AM 05-07-2017,6:25AM 05-07-2017,Left,,,,4,Breast Milk,,
803,6:45AM 05-07-2017,6:48AM 05-07-2017,Right,,,,2,Breast Milk,,
804,9:45AM 05-07-2017,9:51AM 05-07-2017,Right,,,,7,Breast Milk,,
805,10:02AM 05-07-2017,10:10AM 05-07-2017,Left,,,,7,Breast Milk,,
806,12:30PM 05-07-2017,12:46PM 05-07-2017,Right,,,,16,Breast Milk,,
807,12:56PM 05-07-2017,1:05PM 05-07-2017,Left,,,,8,Breast Milk,,
808,2:41PM 05-07-2017,2:56PM 05-07-2017,Left,,,,15,Breast Milk,,
809,2:58PM 05-07-2017,3:06PM 05-07-2017,Right,,,,8,Breast Milk,,
810,5:27PM 05-07-2017,5:43PM 05-07-2017,Right,,,Burp break in middle,16,Breast Milk,,
811,5:53PM 05-07-2017,5:57PM 05-07-2017,Left,,,,5,Breast Milk,,
812,6:03PM 05-07-2017,6:06PM 05-07-2017,Left,,,,4,Breast Milk,,
813,7:37PM 05-07-2017,7:42PM 05-07-2017,Left,,,,4,Breast Milk,,
814,8:35PM 05-07-2017,9:15PM 05-07-2017,Bottle,4.5,133.08,Including a couple small breaks,40,Liquid,IMPERIAL,Pump
815,9:41PM 05-07-2017,9:43PM 05-07-2017,Right,,,,2,Breast Milk,,
816,9:47PM 05-07-2017,9:49PM 05-07-2017,Right,,,,2,Breast Milk,,
817,2:48AM 05-08-2017,2:55AM 05-08-2017,Right,,,,7,Breast Milk,,
818,3:10AM 05-08-2017,3:14AM 05-08-2017,Left,,,,4,Breast Milk,,
819,3:23AM 05-08-2017,3:24AM 05-08-2017,Left,,,,2,Breast Milk,,
820,5:34AM 05-08-2017,5:40AM 05-08-2017,Left,,,,6,Breast Milk,,
821,6:01AM 05-08-2017,6:02AM 05-08-2017,Right,,,,1,Breast Milk,,
822,8:18AM 05-08-2017,8:25AM 05-08-2017,Right,,,,7,Breast Milk,,
823,10:16AM 05-08-2017,10:23AM 05-08-2017,Left,,,,6,Breast Milk,,
824,10:30AM 05-08-2017,10:32AM 05-08-2017,Left,,,,2,Breast Milk,,
825,10:51AM 05-08-2017,10:56AM 05-08-2017,Right,,,,5,Breast Milk,,
826,12:56PM 05-08-2017,1:11PM 05-08-2017,Right,,,,15,Breast Milk,,
827,1:28PM 05-08-2017,1:35PM 05-08-2017,Left,,,,8,Breast Milk,,
828,3:48PM 05-08-2017,4:06PM 05-08-2017,Right,,,,18,Breast Milk,,
829,4:17PM 05-08-2017,4:27PM 05-08-2017,Left,,,,10,Breast Milk,,
830,6:32PM 05-08-2017,6:52PM 05-08-2017,Left,,,,20,Breast Milk,,
831,6:58PM 05-08-2017,7:07PM 05-08-2017,Right,,,,9,Breast Milk,,
832,9:56PM 05-08-2017,10:26PM 05-08-2017,Right,,,,30,Breast Milk,,
833,5:14AM 05-09-2017,5:23AM 05-09-2017,Left,,,,9,Breast Milk,,
834,5:39AM 05-09-2017,5:42AM 05-09-2017,Right,,,,3,Breast Milk,,
835,5:50AM 05-09-2017,5:52AM 05-09-2017,Right,,,,1,Breast Milk,,
836,8:21AM 05-09-2017,8:39AM 05-09-2017,Right,,,Puke in middle,18,Breast Milk,,
837,8:55AM 05-09-2017,9:02AM 05-09-2017,Left,,,,7,Breast Milk,,
838,1:50PM 05-09-2017,1:58PM 05-09-2017,Left,,,,8,Breast Milk,,
839,2:12PM 05-09-2017,2:14PM 05-09-2017,Right,,,,3,Breast Milk,,
840,5:03PM 05-09-2017,5:17PM 05-09-2017,Right,,,,14,Breast Milk,,
841,5:34PM 05-09-2017,5:45PM 05-09-2017,Left,,,,10,Breast Milk,,
843,7:06PM 05-09-2017,7:11PM 05-09-2017,Left,,,,5,Breast Milk,,
842,7:22PM 05-09-2017,7:26PM 05-09-2017,Right,,,,4,Breast Milk,,
844,9:04PM 05-09-2017,9:24PM 05-09-2017,Left,,,,20,Breast Milk,,
845,9:28PM 05-09-2017,9:58PM 05-09-2017,Right,,,,29,Breast Milk,,
846,4:22AM 05-10-2017,4:36AM 05-10-2017,Right,,,,14,Breast Milk,,
847,4:51AM 05-10-2017,4:51AM 05-10-2017,Left,,,,1,Breast Milk,,
848,8:13AM 05-10-2017,8:21AM 05-10-2017,Left,,,,8,Breast Milk,,
849,8:41AM 05-10-2017,8:51AM 05-10-2017,Right,,,,10,Breast Milk,,
850,10:36AM 05-10-2017,10:45AM 05-10-2017,Left,,,,9,Breast Milk,,
851,10:57AM 05-10-2017,11:06AM 05-10-2017,Right,,,,9,Breast Milk,,
852,1:06PM 05-10-2017,1:17PM 05-10-2017,Left,,,,11,Breast Milk,,
853,1:28PM 05-10-2017,1:31PM 05-10-2017,Right,,,,4,Breast Milk,,
854,3:13PM 05-10-2017,3:17PM 05-10-2017,Left,,,,4,Breast Milk,,
855,3:30PM 05-10-2017,3:34PM 05-10-2017,Right,,,,3,Breast Milk,,
856,5:43PM 05-10-2017,5:56PM 05-10-2017,Right,,,,14,Breast Milk,,
857,6:01PM 05-10-2017,6:19PM 05-10-2017,Right,,,,18,Breast Milk,,
858,6:29PM 05-10-2017,7:01PM 05-10-2017,Left,,,,32,Breast Milk,,
859,8:34PM 05-10-2017,8:35PM 05-10-2017,Right,,,,1,Breast Milk,,
860,8:53PM 05-10-2017,8:57PM 05-10-2017,Right,,,,4,Breast Milk,,
861,3:08AM 05-11-2017,3:23AM 05-11-2017,Left,,,,15,Breast Milk,,
862,3:36AM 05-11-2017,3:45AM 05-11-2017,Right,,,,9,Breast Milk,,
863,7:17AM 05-11-2017,7:26AM 05-11-2017,Left,,,,8,Breast Milk,,
864,9:58AM 05-11-2017,10:14AM 05-11-2017,Right,,,,16,Breast Milk,,
865,10:36AM 05-11-2017,10:54AM 05-11-2017,Right,,,,18,Breast Milk,,
866,1:04PM 05-11-2017,1:23PM 05-11-2017,Left,,,,18,Breast Milk,,
867,1:31PM 05-11-2017,1:55PM 05-11-2017,Left,,,,24,Breast Milk,,
868,3:43PM 05-11-2017,4:07PM 05-11-2017,Right,,,,24,Breast Milk,,
869,5:47PM 05-11-2017,5:57PM 05-11-2017,Left,,,,10,Breast Milk,,
870,6:07PM 05-11-2017,6:27PM 05-11-2017,Left,,,,20,Breast Milk,,
871,8:00PM 05-11-2017,8:29PM 05-11-2017,Bottle,4.0,118.29,,29,Liquid,IMPERIAL,
872,9:15PM 05-11-2017,9:30PM 05-11-2017,Bottle,2.0,59.15,,15,Liquid,IMPERIAL,
873,9:50PM 05-11-2017,9:57PM 05-11-2017,Right,,,,7,Breast Milk,,
874,3:37AM 05-12-2017,3:45AM 05-12-2017,Left,,,,8,Breast Milk,,
875,6:11AM 05-12-2017,6:23AM 05-12-2017,Right,,,,12,Breast Milk,,
876,8:42AM 05-12-2017,8:47AM 05-12-2017,Left,,,,5,Breast Milk,,
877,11:15AM 05-12-2017,11:21AM 05-12-2017,Right,,,,6,Breast Milk,,
878,11:34AM 05-12-2017,11:37AM 05-12-2017,Right,,,,3,Breast Milk,,
879,11:55AM 05-12-2017,12:04PM 05-12-2017,Right,,,,9,Breast Milk,,
880,2:21PM 05-12-2017,2:28PM 05-12-2017,Left,,,,7,Breast Milk,,
881,6:04PM 05-12-2017,6:16PM 05-12-2017,Right,,,,12,Breast Milk,,
882,9:11PM 05-12-2017,9:40PM 05-12-2017,Left,,,,30,Breast Milk,,
883,9:46PM 05-12-2017,9:57PM 05-12-2017,Right,,,,10,Breast Milk,,
884,10:08PM 05-12-2017,10:34PM 05-12-2017,Right,,,,27,Breast Milk,,
885,3:32AM 05-13-2017,3:38AM 05-13-2017,Left,,,,6,Breast Milk,,
886,3:50AM 05-13-2017,3:59AM 05-13-2017,Left,,,,9,Breast Milk,,
887,7:25AM 05-13-2017,7:31AM 05-13-2017,Right,,,,6,Breast Milk,,
888,7:43AM 05-13-2017,7:59AM 05-13-2017,Right,,,,16,Breast Milk,,
889,9:45AM 05-13-2017,10:02AM 05-13-2017,Left,,,,17,Breast Milk,,
890,11:47AM 05-13-2017,12:03PM 05-13-2017,Right,,,,16,Breast Milk,,
891,1:52PM 05-13-2017,2:09PM 05-13-2017,Left,,,,17,Breast Milk,,
892,2:19PM 05-13-2017,2:32PM 05-13-2017,Left,,,,13,Breast Milk,,
893,5:50PM 05-13-2017,6:17PM 05-13-2017,Right,,,,26,Breast Milk,,
894,8:10PM 05-13-2017,8:38PM 05-13-2017,Bottle,4.0,118.29,,28,Liquid,IMPERIAL,Pump
895,9:50PM 05-13-2017,9:58PM 05-13-2017,Left,,,,8,Breast Milk,,
896,10:49PM 05-13-2017,10:56PM 05-13-2017,Left,,,,7,Breast Milk,,
897,3:36AM 05-14-2017,3:44AM 05-14-2017,Right,,,,8,Breast Milk,,
898,3:56AM 05-14-2017,4:01AM 05-14-2017,Right,,,,4,Breast Milk,,
899,6:46AM 05-14-2017,6:53AM 05-14-2017,Left,,,,7,Breast Milk,,
900,8:04AM 05-14-2017,8:10AM 05-14-2017,Left,,,,6,Breast Milk,,
901,11:04AM 05-14-2017,11:11AM 05-14-2017,Right,,,,7,Breast Milk,,
902,11:24AM 05-14-2017,11:26AM 05-14-2017,Left,,,,2,Breast Milk,,
903,3:01PM 05-14-2017,3:12PM 05-14-2017,Left,,,,11,Breast Milk,,
904,3:21PM 05-14-2017,3:29PM 05-14-2017,Left,,,,8,Breast Milk,,
905,6:58PM 05-14-2017,7:22PM 05-14-2017,Bottle,4.5,133.08,,24,Liquid,IMPERIAL,Pump
906,9:56PM 05-14-2017,10:13PM 05-14-2017,Right,,,,18,Breast Milk,,
907,10:19PM 05-14-2017,10:28PM 05-14-2017,Left,,,,9,Breast Milk,,
908,10:39PM 05-14-2017,10:41PM 05-14-2017,Left,,,,3,Breast Milk,,
909,2:56AM 05-15-2017,3:03AM 05-15-2017,Left,,,,7,Breast Milk,,
910,5:36AM 05-15-2017,5:43AM 05-15-2017,Right,,,,7,Breast Milk,,
911,8:56AM 05-15-2017,9:12AM 05-15-2017,Left,,,,16,Breast Milk,,
912,10:23AM 05-15-2017,10:25AM 05-15-2017,Right,,,,2,Breast Milk,,
916,12:52PM 05-15-2017,1:01PM 05-15-2017,Left,,,,9,Breast Milk,,
914,1:08PM 05-15-2017,1:25PM 05-15-2017,Left,,,,17,Breast Milk,,
915,1:28PM 05-15-2017,1:36PM 05-15-2017,Right,,,,8,Breast Milk,,
917,3:46PM 05-15-2017,4:01PM 05-15-2017,Right,,,,15,Breast Milk,,
918,4:15PM 05-15-2017,4:26PM 05-15-2017,Right,,,,11,Breast Milk,,
919,5:30PM 05-15-2017,5:42PM 05-15-2017,Left,,,,12,Breast Milk,,
920,7:09PM 05-15-2017,7:27PM 05-15-2017,Right,,,,19,Breast Milk,,
921,7:37PM 05-15-2017,7:44PM 05-15-2017,Right,,,,8,Breast Milk,,
922,9:07PM 05-15-2017,9:18PM 05-15-2017,Left,,,,11,Breast Milk,,
923,9:27PM 05-15-2017,9:35PM 05-15-2017,Left,,,,8,Breast Milk,,
924,9:47PM 05-15-2017,10:09PM 05-15-2017,Right,,,,22,Breast Milk,,
925,10:20PM 05-15-2017,10:29PM 05-15-2017,Left,,,,10,Breast Milk,,
926,2:12AM 05-16-2017,2:21AM 05-16-2017,Left,,,,9,Breast Milk,,
927,2:33AM 05-16-2017,2:38AM 05-16-2017,Left,,,,5,Breast Milk,,
928,5:45AM 05-16-2017,5:54AM 05-16-2017,Right,,,,9,Breast Milk,,
929,6:04AM 05-16-2017,6:07AM 05-16-2017,Right,,,,3,Breast Milk,,
930,8:57AM 05-16-2017,9:04AM 05-16-2017,Left,,,,7,Breast Milk,,
931,11:08AM 05-16-2017,11:18AM 05-16-2017,Right,,,,10,Breast Milk,,
932,11:26AM 05-16-2017,11:40AM 05-16-2017,Right,,,,14,Breast Milk,,
933,1:12PM 05-16-2017,1:18PM 05-16-2017,Left,,,,7,Breast Milk,,
934,1:37PM 05-16-2017,1:42PM 05-16-2017,Left,,,,5,Breast Milk,,
935,4:27PM 05-16-2017,4:41PM 05-16-2017,Right,,,,14,Breast Milk,,
936,5:08PM 05-16-2017,5:23PM 05-16-2017,Right,,,,15,Breast Milk,,
937,6:47PM 05-16-2017,6:54PM 05-16-2017,Left,,,,7,Breast Milk,,
939,8:33PM 05-16-2017,8:36PM 05-16-2017,Right,,,Put to sleep nurse,3,Breast Milk,,
940,9:08PM 05-16-2017,9:22PM 05-16-2017,Right,,,,14,Breast Milk,,
941,9:29PM 05-16-2017,9:40PM 05-16-2017,Left,,,,11,Breast Milk,,
942,9:49PM 05-16-2017,10:08PM 05-16-2017,Left,,,,19,Breast Milk,,
943,3:07AM 05-17-2017,3:14AM 05-17-2017,Right,,,,8,Breast Milk,,
944,3:32AM 05-17-2017,3:35AM 05-17-2017,Left,,,,3,Breast Milk,,
945,6:56AM 05-17-2017,7:06AM 05-17-2017,Left,,,,10,Breast Milk,,
946,10:16AM 05-17-2017,10:27AM 05-17-2017,Right,,,,12,Breast Milk,,
947,2:00PM 05-17-2017,2:17PM 05-17-2017,Left,,,Estimate. Post shots at health unit,17,Breast Milk,,
948,4:15PM 05-17-2017,4:24PM 05-17-2017,Right,,,,9,Breast Milk,,
949,6:51PM 05-17-2017,6:57PM 05-17-2017,Left,,,,6,Breast Milk,,
950,7:03PM 05-17-2017,7:15PM 05-17-2017,Left,,,,12,Breast Milk,,
951,7:29PM 05-17-2017,7:42PM 05-17-2017,Right,,,,13,Breast Milk,,
952,9:03PM 05-17-2017,9:28PM 05-17-2017,Left,,,Slow,25,Breast Milk,,
953,9:41PM 05-17-2017,9:46PM 05-17-2017,Right,,,,5,Breast Milk,,
954,9:52PM 05-17-2017,9:58PM 05-17-2017,Right,,,,6,Breast Milk,,
955,2:12AM 05-18-2017,2:15AM 05-18-2017,Left,,,,3,Breast Milk,,
956,2:27AM 05-18-2017,2:37AM 05-18-2017,Left,,,,10,Breast Milk,,
957,4:58AM 05-18-2017,5:02AM 05-18-2017,Right,,,,4,Breast Milk,,
958,7:20AM 05-18-2017,7:27AM 05-18-2017,Right,,,,7,Breast Milk,,
959,11:07AM 05-18-2017,11:32AM 05-18-2017,Left,,,,25,Breast Milk,,
960,2:31PM 05-18-2017,3:00PM 05-18-2017,Right,,,,29,Breast Milk,,
961,4:32PM 05-18-2017,4:37PM 05-18-2017,Left,,,,5,Breast Milk,,
962,6:56PM 05-18-2017,7:05PM 05-18-2017,Right,,,,9,Breast Milk,,
963,7:19PM 05-18-2017,7:27PM 05-18-2017,Right,,,,8,Breast Milk,,
964,9:52PM 05-18-2017,10:03PM 05-18-2017,Left,,,,12,Breast Milk,,
965,10:19PM 05-18-2017,10:28PM 05-18-2017,Left,,,,9,Breast Milk,,
966,1:01AM 05-19-2017,1:16AM 05-19-2017,Right,,,,14,Breast Milk,,
967,1:29AM 05-19-2017,1:31AM 05-19-2017,Right,,,,3,Breast Milk,,
968,5:47AM 05-19-2017,5:56AM 05-19-2017,Left,,,,9,Breast Milk,,
969,8:25AM 05-19-2017,8:31AM 05-19-2017,Right,,,,6,Breast Milk,,
970,1:41PM 05-19-2017,1:48PM 05-19-2017,Left,,,,7,Breast Milk,,
971,5:39PM 05-19-2017,6:00PM 05-19-2017,Right,,,,21,Breast Milk,,
972,7:35PM 05-19-2017,7:38PM 05-19-2017,Left,,,,3,Breast Milk,,
973,8:26PM 05-19-2017,8:34PM 05-19-2017,Left,,,,9,Breast Milk,,
974,9:34PM 05-19-2017,9:43PM 05-19-2017,Right,,,,8,Breast Milk,,
975,2:51AM 05-20-2017,3:01AM 05-20-2017,Left,,,,10,Breast Milk,,
976,7:36AM 05-20-2017,7:42AM 05-20-2017,Right,,,,6,Breast Milk,,
977,8:00AM 05-20-2017,8:10AM 05-20-2017,Right,,,,10,Breast Milk,,
978,10:42AM 05-20-2017,10:54AM 05-20-2017,Left,,,,12,Breast Milk,,
979,11:08AM 05-20-2017,11:16AM 05-20-2017,Left,,,,8,Breast Milk,,
980,2:53PM 05-20-2017,3:22PM 05-20-2017,Right,,,,29,Breast Milk,,
981,4:02PM 05-20-2017,4:10PM 05-20-2017,Left,,,,9,Breast Milk,,
982,5:37PM 05-20-2017,5:50PM 05-20-2017,Left,,,,13,Breast Milk,,
983,6:27PM 05-20-2017,6:53PM 05-20-2017,Right,,,,27,Breast Milk,,
984,8:01PM 05-20-2017,8:08PM 05-20-2017,Left,,,,6,Breast Milk,,
986,9:25PM 05-20-2017,9:42PM 05-20-2017,Right,,,,18,Breast Milk,,
987,9:49PM 05-20-2017,10:13PM 05-20-2017,Right,,,,24,Breast Milk,,
988,10:33PM 05-20-2017,10:43PM 05-20-2017,Left,,,,10,Breast Milk,,
989,10:57PM 05-20-2017,11:06PM 05-20-2017,Left,,,,9,Breast Milk,,
990,2:33AM 05-21-2017,2:40AM 05-21-2017,Right,,,,7,Breast Milk,,
991,2:47AM 05-21-2017,2:52AM 05-21-2017,Right,,,,5,Breast Milk,,
992,3:04AM 05-21-2017,3:06AM 05-21-2017,Right,,,,2,Breast Milk,,
993,3:15AM 05-21-2017,3:18AM 05-21-2017,Right,,,,3,Breast Milk,,
994,3:50AM 05-21-2017,3:55AM 05-21-2017,Left,,,,5,Breast Milk,,
995,7:06AM 05-21-2017,7:28AM 05-21-2017,Left,,,,22,Breast Milk,,
997,9:45AM 05-21-2017,10:15AM 05-21-2017,Bottle,3.75,110.9,,30,Liquid,IMPERIAL,Pump
996,10:30AM 05-21-2017,10:35AM 05-21-2017,Right,,,,5,Breast Milk,,
998,1:28PM 05-21-2017,1:37PM 05-21-2017,Left,,,,10,Breast Milk,,
1000,2:00PM 05-21-2017,2:05PM 05-21-2017,Left,,,,5,Breast Milk,,
1001,3:06PM 05-21-2017,3:07PM 05-21-2017,Right,,,,2,Breast Milk,,
1002,5:00PM 05-21-2017,5:35PM 05-21-2017,Bottle,4.0,118.29,,35,Liquid,IMPERIAL,Pump
1003,8:03PM 05-21-2017,8:38PM 05-21-2017,Right,,,,35,Breast Milk,,
1004,1:23AM 05-22-2017,1:29AM 05-22-2017,Left,,,,7,Breast Milk,,
1005,5:29AM 05-22-2017,5:41AM 05-22-2017,Right,,,,13,Breast Milk,,
1006,9:01AM 05-22-2017,9:13AM 05-22-2017,Left,,,,13,Breast Milk,,
1007,11:12AM 05-22-2017,11:40AM 05-22-2017,Right,,,,28,Breast Milk,,
1008,2:54PM 05-22-2017,3:09PM 05-22-2017,Bottle,4.0,118.29,,15,Liquid,IMPERIAL,Pump
1009,5:15PM 05-22-2017,5:35PM 05-22-2017,Left,,,,20,Breast Milk,,
1010,5:47PM 05-22-2017,5:56PM 05-22-2017,Left,,,,9,Breast Milk,,
1011,8:21PM 05-22-2017,8:46PM 05-22-2017,Right,,,,25,Breast Milk,,
1012,9:01PM 05-22-2017,9:10PM 05-22-2017,Right,,,,10,Breast Milk,,
1013,9:30PM 05-22-2017,9:37PM 05-22-2017,Left,,,,7,Breast Milk,,
1014,1:15AM 05-23-2017,1:24AM 05-23-2017,Left,,,,9,Breast Milk,,
1015,5:34AM 05-23-2017,5:38AM 05-23-2017,Right,,,,4,Breast Milk,,
1016,8:04AM 05-23-2017,8:10AM 05-23-2017,Left,,,,6,Breast Milk,,
1017,8:22AM 05-23-2017,8:33AM 05-23-2017,Left,,,,11,Breast Milk,,
1018,11:02AM 05-23-2017,11:28AM 05-23-2017,Right,,,,26,Breast Milk,,
1019,2:12PM 05-23-2017,2:40PM 05-23-2017,Left,,,,28,Breast Milk,,
